role_id,role,requirement_id,policy_or_process,requirement_text,competency,obligation,requirement_type,priority,due_stage,source_document_id,source_document_version,source_section_id,assessment_requirement,prerequisite
ROLE-01,Branch Manager,CMP-01-2.1,Policy Requirement,All employees must complete Information Security Basics within the first week of joining.,Modules for All Employees,Mandatory,Must Complete,High,Week 1,CMP-01,2.0,2.1,Knowledge Quiz,
ROLE-01,Branch Manager,CMP-01-2.2,Policy Requirement,All employees must complete Data Privacy Essentials within 14 days of joining.,Modules for All Employees,Mandatory,Must Complete,High,Week 2,CMP-01,2.0,2.2,Knowledge Quiz,CMP-01-2.1
ROLE-01,Branch Manager,CMP-01-2.3,Policy Requirement,All employees must complete Fraud Awareness within 30 days of joining.,Modules for All Employees,Mandatory,Must Complete,High,First 30 Days,CMP-01,2.0,2.3,Knowledge Quiz,
ROLE-01,Branch Manager,CMP-01-2.4,Policy Requirement,All employees must complete Anti-Harassment Awareness within 30 days of joining.,Modules for All Employees,Mandatory,Must Complete,High,First 30 Days,CMP-01,2.0,2.4,Knowledge Quiz,
ROLE-01,Branch Manager,CMP-01-2.5,Policy Requirement,All employees must pass each mandatory module assessment with a minimum score of 70%.,Modules for All Employees,Mandatory,Must Complete,High,First 30 Days,CMP-01,2.0,2.5,Knowledge Quiz,
ROLE-01,Branch Manager,CMP-01-4.1,Policy Requirement,Information Security Basics must be completed before Data Privacy Essentials.,Prerequisites,Mandatory,Must Complete,High,First 30 Days,CMP-01,2.0,4.1,Knowledge Quiz,
ROLE-01,Branch Manager,CMP-01-4.2,Policy Requirement,Data Privacy Essentials must be completed before any customer-data access training.,Prerequisites,Mandatory,Must Complete,High,First 30 Days,CMP-01,2.0,4.2,Knowledge Quiz,
ROLE-01,Branch Manager,CMP-01-4.3,Policy Requirement,AML and KYC Fundamentals must be completed before the Account Opening practical assessment.,Prerequisites,Mandatory,Must Complete,High,First 30 Days,CMP-01,2.0,4.3,Knowledge Quiz,
ROLE-01,Branch Manager,CMP-01-4.4,Policy Requirement,The Complaint Handling module must be completed before the Escalation Procedure module.,Prerequisites,Mandatory,Must Complete,High,First 30 Days,CMP-01,2.0,4.4,Knowledge Quiz,
ROLE-01,Branch Manager,CMP-01-5.1,Policy Requirement,Employees must complete refresher training for all mandatory modules every 12 months.,Refresher Training,Mandatory,Must Complete,High,First 30 Days,CMP-01,2.0,5.1,Knowledge Quiz,
ROLE-01,Branch Manager,CMP-01-5.2,Policy Requirement,Employees who fail an assessment twice must be referred to their reporting manager for review.,Refresher Training,Mandatory,Must Know,High,First 30 Days,CMP-01,2.0,5.2,Knowledge Quiz,
ROLE-01,Branch Manager,FAQ-01-4.2,Process Requirement,You must keep your bank account details updated on the HR portal.,How do I get my payslip?,Mandatory,Must Know,Medium,Week 2,FAQ-01,1.0,4.2,Knowledge Quiz,
ROLE-01,Branch Manager,FAQ-01-6.1,Process Requirement,Work from home may be allowed for non-customer-facing roles with Department Head approval.,Can I work from home?,Optional,Optional,Low,Week 2,FAQ-01,1.0,6.1,None,
ROLE-01,Branch Manager,FAQ-01-7.1,Process Requirement,A medical certificate is required for sick leave of more than 2 consecutive days.,Do I need a medical certificate for sick leave?,Mandatory,Must Know,Medium,Week 2,FAQ-01,1.0,7.1,Knowledge Quiz,
ROLE-01,Branch Manager,FAQ-02-3.1,Process Requirement,You should reset it using the self-service portal or call extension 1100.,What if I forget my password?,Recommended,Recommended,Low,Week 2,FAQ-02,1.0,3.1,None,
ROLE-01,Branch Manager,FAQ-02-4.1,Process Requirement,You must use the Report Phishing button in Outlook.,How do I report a phishing email?,Mandatory,Must Know,Medium,Week 2,FAQ-02,1.0,4.1,Knowledge Quiz,
ROLE-01,Branch Manager,FAQ-02-6.1,Process Requirement,You must not install any software without IT approval.,Can I install software on my computer?,Mandatory,Must Know,Medium,Week 2,FAQ-02,1.0,6.1,Knowledge Quiz,
ROLE-01,Branch Manager,POL-01-2.1,Policy Requirement,Every new employee must sign the Employee Handbook acknowledgement form on Day 1.,Joining Formalities,Mandatory,Must Acknowledge,High,Day 1,POL-01,1.0,2.1,Signed Acknowledgement,
ROLE-01,Branch Manager,POL-01-2.2,Policy Requirement,New employees must submit copies of their educational certificates to HR within the first week of joining.,Joining Formalities,Mandatory,Must Complete,Medium,Week 1,POL-01,1.0,2.2,Knowledge Quiz,
ROLE-01,Branch Manager,POL-01-2.3,Policy Requirement,New employees must collect their employee ID card from the HR desk on Day 1.,Joining Formalities,Mandatory,Must Complete,High,Day 1,POL-01,1.0,2.3,Knowledge Quiz,
ROLE-01,Branch Manager,POL-01-2.4,Policy Requirement,New employees should meet their reporting manager within the first week of joining to agree on role expectations.,Joining Formalities,Recommended,Recommended,Low,Week 1,POL-01,1.0,2.4,None,
ROLE-01,Branch Manager,POL-01-3.2,Policy Requirement,Employees must record attendance using the biometric system at the start and end of each working day.,Working Hours and Attendance,Mandatory,Must Know,Medium,Week 1,POL-01,1.0,3.2,Knowledge Quiz,
ROLE-01,Branch Manager,POL-01-3.3,Policy Requirement,Employees may request flexible timing with written approval from their reporting manager.,Working Hours and Attendance,Optional,Optional,Low,Week 1,POL-01,1.0,3.3,None,
ROLE-01,Branch Manager,POL-01-4.1,Policy Requirement,Employees must follow the business formal dress code on all customer-facing days.,Dress Code,Mandatory,Must Know,Medium,Week 1,POL-01,1.0,4.1,Knowledge Quiz,
ROLE-01,Branch Manager,POL-01-4.2,Policy Requirement,Employees should refer to the Workplace Conduct Policy (POL-05) for detailed behavioural standards.,Dress Code,Recommended,Recommended,Low,Week 1,POL-01,1.0,4.2,None,
ROLE-01,Branch Manager,POL-01-5.1,Policy Requirement,Employees must use bank equipment only for official purposes.,Use of Bank Resources,Mandatory,Must Know,Medium,Week 1,POL-01,1.0,5.1,Knowledge Quiz,
ROLE-01,Branch Manager,POL-01-5.2,Policy Requirement,Employees may use the staff cafeteria and prayer rooms during scheduled breaks.,Use of Bank Resources,Optional,Optional,Low,Week 1,POL-01,1.0,5.2,None,
ROLE-01,Branch Manager,POL-01-5.3,Policy Requirement,Employees must return all bank property on their last working day.,Use of Bank Resources,Mandatory,Must Know,Medium,Week 1,POL-01,1.0,5.3,Knowledge Quiz,
ROLE-01,Branch Manager,POL-02-2.2,Policy Requirement,Employees must complete all mandatory onboarding modules before the end of probation.,Probation,Mandatory,Must Complete,Medium,First 90 Days,POL-02,2.0,2.2,Knowledge Quiz,
ROLE-01,Branch Manager,POL-02-2.4,Policy Requirement,Employees must complete a probation review meeting with their reporting manager within 90 days of joining.,Probation,Mandatory,Must Complete,Medium,First 90 Days,POL-02,2.0,2.4,Knowledge Quiz,
ROLE-01,Branch Manager,POL-02-3.2,Policy Requirement,Employees must obtain prior approval from their reporting manager for any overtime.,Working Hours,Mandatory,Must Know,Medium,Week 1,POL-02,2.0,3.2,Knowledge Quiz,
ROLE-01,Branch Manager,POL-02-4.1,Policy Requirement,Employees must agree written performance objectives with their reporting manager within 30 days of joining.,Performance Management,Mandatory,Must Know,Medium,First 30 Days,POL-02,2.0,4.1,Knowledge Quiz,
ROLE-01,Branch Manager,POL-02-4.2,Policy Requirement,Employees should request informal feedback from their reporting manager every month.,Performance Management,Recommended,Recommended,Low,Week 1,POL-02,2.0,4.2,None,
ROLE-01,Branch Manager,POL-02-6.1,Policy Requirement,Supervisors must approve or reject leave requests within 2 working days.,Team Supervision,Mandatory,Must Know,Medium,Week 1,POL-02,2.0,6.1,Knowledge Quiz,
ROLE-01,Branch Manager,POL-02-6.2,Policy Requirement,Supervisors must conduct a monthly one-to-one meeting with each team member.,Team Supervision,Mandatory,Must Know,Medium,Week 1,POL-02,2.0,6.2,Knowledge Quiz,
ROLE-01,Branch Manager,POL-02-6.3,Policy Requirement,Supervisors must complete the People Management Essentials module within 30 days of joining.,Team Supervision,Mandatory,Must Complete,Medium,First 30 Days,POL-02,2.0,6.3,Knowledge Quiz,
ROLE-01,Branch Manager,POL-03-2.2,Policy Requirement,Employees must apply for annual leave at least 14 days in advance through the HR portal.,Annual Leave,Mandatory,Must Know,Medium,Week 1,POL-03,2.0,2.2,Knowledge Quiz,
ROLE-01,Branch Manager,POL-03-2.3,Policy Requirement,Employees must not take more than 10 consecutive working days of annual leave without Department Head approval.,Annual Leave,Mandatory,Must Know,Medium,Week 1,POL-03,2.0,2.3,Knowledge Quiz,
ROLE-01,Branch Manager,POL-03-2.4,Policy Requirement,Unused annual leave may be carried forward up to a maximum of 10 days.,Annual Leave,Optional,Optional,Low,Week 1,POL-03,2.0,2.4,None,
ROLE-01,Branch Manager,POL-03-3.1,Policy Requirement,Employees must inform their reporting manager before 10:00 AM on any day they cannot come to work due to sickness.,Sick Leave,Mandatory,Must Know,Medium,Week 1,POL-03,2.0,3.1,Knowledge Quiz,
ROLE-01,Branch Manager,POL-03-3.2,Policy Requirement,Sick leave of more than 2 consecutive days must be supported by a medical certificate.,Sick Leave,Mandatory,Must Know,Medium,Week 1,POL-03,2.0,3.2,Knowledge Quiz,
ROLE-01,Branch Manager,POL-03-4.1,Policy Requirement,Staff in these roles must take at least 5 consecutive working days of leave each year as a fraud-control measure.,Mandatory Leave,Mandatory,Must Know,Medium,Week 1,POL-03,2.0,4.1,Knowledge Quiz,
ROLE-01,Branch Manager,POL-03-4.2,Policy Requirement,"During mandatory leave, the duties of the employee must be performed by another authorised staff member.",Mandatory Leave,Mandatory,Must Know,Medium,Week 1,POL-03,2.0,4.2,Knowledge Quiz,
ROLE-01,Branch Manager,POL-03-5.1,Policy Requirement,Approvers must check team coverage before approving overlapping leave requests.,Leave Approval,Mandatory,Must Know,Medium,Week 1,POL-03,2.0,5.1,Knowledge Quiz,
ROLE-01,Branch Manager,POL-03-5.2,Policy Requirement,Approvers should avoid approving leave for more than 30% of a team at the same time.,Leave Approval,Recommended,Recommended,Low,Week 1,POL-03,2.0,5.2,None,
ROLE-01,Branch Manager,POL-03-6.1,Policy Requirement,"Employees may refer to the HR and Leave FAQ (FAQ-01) for common questions; where the FAQ differs from this policy, this policy prevails.",Related Guidance,Optional,Optional,Low,Week 1,POL-03,2.0,6.1,None,
ROLE-01,Branch Manager,POL-04-2.1,Policy Requirement,All employees must complete the Information Security Basics module within the first week of joining.,Security Awareness,Mandatory,Must Complete,High,Week 1,POL-04,2.0,2.1,Knowledge Quiz,
ROLE-01,Branch Manager,POL-04-2.2,Policy Requirement,All employees must sign the Acceptable Use acknowledgement on Day 1.,Security Awareness,Mandatory,Must Acknowledge,High,Day 1,POL-04,2.0,2.2,Signed Acknowledgement,
ROLE-01,Branch Manager,POL-04-2.3,Policy Requirement,Employees must report any suspected security incident to the IT Service Desk within 1 hour of noticing it.,Security Awareness,Mandatory,Must Know,High,Week 1,POL-04,2.0,2.3,Knowledge Quiz,
ROLE-01,Branch Manager,POL-04-3.1,Policy Requirement,"Passwords must be at least 12 characters long and include upper-case letters, numbers and symbols.",Passwords and Access,Mandatory,Must Know,High,Week 1,POL-04,2.0,3.1,Knowledge Quiz,
ROLE-01,Branch Manager,POL-04-3.2,Policy Requirement,Employees must change their passwords every 60 days.,Passwords and Access,Mandatory,Must Know,High,Week 1,POL-04,2.0,3.2,Knowledge Quiz,
ROLE-01,Branch Manager,POL-04-3.3,Policy Requirement,"Employees must not share their passwords or access cards with anyone, including colleagues and managers.",Passwords and Access,Mandatory,Must Know,High,Week 1,POL-04,2.0,3.3,Knowledge Quiz,
ROLE-01,Branch Manager,POL-04-3.4,Policy Requirement,Employees must enable multi-factor authentication on their email account within the first week of joining.,Passwords and Access,Mandatory,Must Complete,High,Week 1,POL-04,2.0,3.4,Knowledge Quiz,
ROLE-01,Branch Manager,POL-04-4.1,Policy Requirement,Personal USB drives and external storage devices must not be connected to bank computers.,Devices and Removable Media,Mandatory,Must Know,High,Week 1,POL-04,2.0,4.1,Knowledge Quiz,
ROLE-01,Branch Manager,POL-04-4.2,Policy Requirement,Employees must lock their screen whenever they leave their desk.,Devices and Removable Media,Mandatory,Must Know,High,Week 1,POL-04,2.0,4.2,Knowledge Quiz,
ROLE-01,Branch Manager,POL-04-4.3,Policy Requirement,Employees should store work files only on the approved network drive.,Devices and Removable Media,Recommended,Recommended,Low,Week 1,POL-04,2.0,4.3,None,
ROLE-01,Branch Manager,POL-04-5.1,Policy Requirement,Employees must report suspicious emails using the Report Phishing button in Outlook.,Email and Phishing,Mandatory,Must Know,High,Week 1,POL-04,2.0,5.1,Knowledge Quiz,
ROLE-01,Branch Manager,POL-04-5.2,Policy Requirement,Employees must not open attachments from unknown senders.,Email and Phishing,Mandatory,Must Know,High,Week 1,POL-04,2.0,5.2,Knowledge Quiz,
ROLE-01,Branch Manager,POL-05-2.1,Policy Requirement,Employees must treat customers and colleagues with respect and courtesy.,Professional Behaviour,Mandatory,Must Know,Medium,Week 1,POL-05,1.0,2.1,Knowledge Quiz,
ROLE-01,Branch Manager,POL-05-2.2,Policy Requirement,"Employees must not accept gifts worth more than PKR 5,000 from customers or vendors.",Professional Behaviour,Mandatory,Must Know,Medium,Week 1,POL-05,1.0,2.2,Knowledge Quiz,
ROLE-01,Branch Manager,POL-05-2.3,Policy Requirement,Employees must declare every gift received in the Gift Register within 3 working days.,Professional Behaviour,Mandatory,Must Acknowledge,Medium,Week 1,POL-05,1.0,2.3,Signed Acknowledgement,
ROLE-01,Branch Manager,POL-05-2.4,Policy Requirement,Employees must acknowledge the Code of Conduct on Day 1.,Professional Behaviour,Mandatory,Must Acknowledge,High,Day 1,POL-05,1.0,2.4,Signed Acknowledgement,
ROLE-01,Branch Manager,POL-05-3.1,Policy Requirement,Employees must not engage in any form of harassment or discrimination.,Harassment and Discrimination,Mandatory,Must Know,Medium,Week 1,POL-05,1.0,3.1,Knowledge Quiz,
ROLE-01,Branch Manager,POL-05-3.2,Policy Requirement,Employees should report harassment to HR or through the confidential helpline.,Harassment and Discrimination,Recommended,Recommended,Low,Week 1,POL-05,1.0,3.2,None,
ROLE-01,Branch Manager,POL-05-3.3,Policy Requirement,All employees must complete the Anti-Harassment Awareness module within 30 days of joining.,Harassment and Discrimination,Mandatory,Must Complete,Medium,First 30 Days,POL-05,1.0,3.3,Knowledge Quiz,
ROLE-01,Branch Manager,POL-05-4.1,Policy Requirement,Employees must declare any conflict of interest to HR within the first week of joining.,Conflict of Interest,Mandatory,Must Acknowledge,Medium,Week 1,POL-05,1.0,4.1,Signed Acknowledgement,
ROLE-01,Branch Manager,POL-05-4.2,Policy Requirement,Employees may undertake outside part-time work only with written approval from HR.,Conflict of Interest,Optional,Optional,Low,Week 1,POL-05,1.0,4.2,None,
ROLE-01,Branch Manager,POL-05-5.1,Policy Requirement,Employees must not post confidential bank information on social media.,Social Media,Mandatory,Must Know,Medium,Week 1,POL-05,1.0,5.1,Knowledge Quiz,
ROLE-01,Branch Manager,POL-06-2.1,Policy Requirement,Employees must access customer personal data only when it is required for their assigned duties.,Personal Data Handling,Mandatory,Must Know,High,Week 1,POL-06,2.0,2.1,Knowledge Quiz,
ROLE-01,Branch Manager,POL-06-2.2,Policy Requirement,Employees must complete the Data Privacy Essentials module within 14 days of joining.,Personal Data Handling,Mandatory,Must Complete,High,Week 2,POL-06,2.0,2.2,Knowledge Quiz,POL-04-2.1
ROLE-01,Branch Manager,POL-06-2.3,Policy Requirement,Customer data must not be sent to personal email addresses or messaging apps.,Personal Data Handling,Mandatory,Must Know,High,Week 1,POL-06,2.0,2.3,Knowledge Quiz,
ROLE-01,Branch Manager,POL-06-3.1,Policy Requirement,Customer-facing staff must verify the identity of the customer using at least two identifiers before sharing account information.,Customer-Facing Staff,Mandatory,Must Know,High,Week 1,POL-06,2.0,3.1,Knowledge Quiz,
ROLE-01,Branch Manager,POL-06-3.2,Policy Requirement,Customer-facing staff must not write customer account numbers on paper notes.,Customer-Facing Staff,Mandatory,Must Know,High,Week 1,POL-06,2.0,3.2,Knowledge Quiz,
ROLE-01,Branch Manager,POL-06-3.3,Policy Requirement,Customer-facing staff should use the screen privacy filter provided at the counter.,Customer-Facing Staff,Recommended,Recommended,Low,Week 1,POL-06,2.0,3.3,None,
ROLE-01,Branch Manager,POL-06-5.1,Policy Requirement,Any suspected data breach must be reported to the Compliance Officer within 2 hours.,Data Breach,Mandatory,Must Know,High,Week 1,POL-06,2.0,5.1,Knowledge Quiz,
ROLE-01,Branch Manager,POL-07-2.1,Policy Requirement,Staff in scope must complete the AML and KYC Fundamentals module within 14 days of joining.,AML Training,Mandatory,Must Complete,High,Week 2,POL-07,2.0,2.1,Knowledge Quiz,
ROLE-01,Branch Manager,POL-07-2.2,Policy Requirement,Staff in scope must pass the AML assessment with a minimum score of 80%.,AML Training,Mandatory,Must Complete,High,Week 1,POL-07,2.0,2.2,Knowledge Quiz,
ROLE-01,Branch Manager,POL-07-3.1,Policy Requirement,Staff must verify the CNIC of the customer through the NADRA verification system before opening any account.,Customer Due Diligence,Mandatory,Must Know,High,Week 1,POL-07,2.0,3.1,Knowledge Quiz,
ROLE-01,Branch Manager,POL-07-3.2,Policy Requirement,"Staff must obtain source-of-income documents for accounts expected to receive more than PKR 1,000,000 per month.",Customer Due Diligence,Mandatory,Must Know,High,Week 1,POL-07,2.0,3.2,Knowledge Quiz,
ROLE-01,Branch Manager,POL-07-3.3,Policy Requirement,Enhanced due diligence must be applied to politically exposed persons (PEPs).,Customer Due Diligence,Mandatory,Must Know,High,Week 1,POL-07,2.0,3.3,Knowledge Quiz,
ROLE-01,Branch Manager,POL-07-4.1,Policy Requirement,Staff must report any suspicious transaction to the Compliance Officer on the same working day.,Suspicious Activity,Mandatory,Must Know,High,Week 1,POL-07,2.0,4.1,Knowledge Quiz,
ROLE-01,Branch Manager,POL-07-4.2,Policy Requirement,Staff must not inform the customer that a suspicious activity report has been filed.,Suspicious Activity,Mandatory,Must Know,High,Week 1,POL-07,2.0,4.2,Knowledge Quiz,
ROLE-01,Branch Manager,POL-07-5.1,Policy Requirement,"If a single cash deposit exceeds PKR 2,000,000, the Cash Teller must obtain Branch Manager approval before processing it.",Cash Thresholds,Mandatory,Must Know,High,Week 1,POL-07,2.0,5.1,Knowledge Quiz,
ROLE-01,Branch Manager,POL-07-5.2,Policy Requirement,Branch Managers must review the daily large-cash transaction report before close of business.,Cash Thresholds,Mandatory,Must Know,High,Week 1,POL-07,2.0,5.2,Knowledge Quiz,
ROLE-01,Branch Manager,POL-08-2.1,Policy Requirement,All employees must complete the Fraud Awareness module within 30 days of joining.,Fraud Awareness,Mandatory,Must Complete,High,First 30 Days,POL-08,1.0,2.1,Knowledge Quiz,
ROLE-01,Branch Manager,POL-08-2.2,Policy Requirement,Employees must report suspected fraud through the whistleblowing channel or to the Compliance Officer.,Fraud Awareness,Mandatory,Must Know,High,Week 1,POL-08,1.0,2.2,Knowledge Quiz,
ROLE-01,Branch Manager,POL-08-3.1,Policy Requirement,Employees may report concerns anonymously through the confidential hotline.,Whistleblowing,Optional,Optional,Low,Week 1,POL-08,1.0,3.1,None,
ROLE-01,Branch Manager,POL-08-3.2,Policy Requirement,Employees must not attempt to investigate suspected fraud on their own.,Whistleblowing,Mandatory,Must Know,High,Week 1,POL-08,1.0,3.2,Knowledge Quiz,
ROLE-01,Branch Manager,PRC-01-2.1,Process Requirement,New joiners must report to the HR desk at 9:00 AM on Day 1.,Day 1,Mandatory,Must Know,High,Day 1,PRC-01,1.0,2.1,Knowledge Quiz,
ROLE-01,Branch Manager,PRC-01-2.3,Process Requirement,New joiners must attend the welcome orientation session on Day 1.,Day 1,Mandatory,Must Complete,High,Day 1,PRC-01,1.0,2.3,Knowledge Quiz,
ROLE-01,Branch Manager,PRC-01-3.1,Process Requirement,New joiners must complete the mandatory security and conduct modules within the first week of joining.,Week 1,Mandatory,Must Complete,Medium,Week 1,PRC-01,1.0,3.1,Knowledge Quiz,
ROLE-01,Branch Manager,PRC-01-3.2,Process Requirement,New joiners should meet at least three colleagues from other departments within the first week of joining.,Week 1,Recommended,Recommended,Low,Week 1,PRC-01,1.0,3.2,None,
ROLE-01,Branch Manager,PRC-01-4.1,Process Requirement,New joiners must complete their role-specific learning plan milestones within 30 days of joining.,First 30 Days,Mandatory,Must Complete,Medium,First 30 Days,PRC-01,1.0,4.1,Knowledge Quiz,
ROLE-01,Branch Manager,PRC-01-4.2,Process Requirement,New joiners must attend a check-in meeting with their reporting manager within 30 days of joining.,First 30 Days,Mandatory,Must Complete,Medium,First 30 Days,PRC-01,1.0,4.2,Knowledge Quiz,
ROLE-01,Branch Manager,PRC-01-5.1,Process Requirement,New joiners must complete all practical assessments within 60 days of joining.,First 60 and 90 Days,Mandatory,Must Complete,Medium,First 60 Days,PRC-01,1.0,5.1,Knowledge Quiz,
ROLE-01,Branch Manager,PRC-01-5.2,Process Requirement,New joiners must complete the final onboarding assessment within 90 days of joining.,First 60 and 90 Days,Mandatory,Must Complete,Medium,First 90 Days,PRC-01,1.0,5.2,Knowledge Quiz,
ROLE-01,Branch Manager,PRC-01-5.3,Process Requirement,New joiners may request a mentor from the HR team at any time during onboarding.,First 60 and 90 Days,Optional,Optional,Low,First 30 Days,PRC-01,1.0,5.3,None,
ROLE-01,Branch Manager,PRC-01-6.1,Process Requirement,Branch new joiners must complete a branch security walkthrough on Day 1.,Branch New Joiners,Mandatory,Must Complete,High,Day 1,PRC-01,1.0,6.1,Knowledge Quiz,
ROLE-01,Branch Manager,PRC-01-6.2,Process Requirement,Branch new joiners must not handle customer cash or customer data until AML and KYC Fundamentals is completed.,Branch New Joiners,Mandatory,Must Complete,Medium,First 30 Days,PRC-01,1.0,6.2,Knowledge Quiz,
ROLE-01,Branch Manager,RD-01-1.2,Process Requirement,The Branch Manager must hold a daily morning briefing with branch staff.,Branch Manager,Mandatory,Must Know,Medium,Week 2,RD-01,1.0,1.2,Knowledge Quiz,
ROLE-01,Branch Manager,RD-01-1.3,Process Requirement,The Branch Manager must complete the Branch Leadership Programme within 90 days of joining.,Branch Manager,Mandatory,Must Complete,Medium,First 90 Days,RD-01,1.0,1.3,Knowledge Quiz,
ROLE-01,Branch Manager,SOP-01-2.1,Process Requirement,Staff must log every customer complaint in the Complaint Management System (CMS) at the time it is received.,Receiving Complaints,Mandatory,Must Know,Medium,Week 2,SOP-01,1.0,2.1,Knowledge Quiz,
ROLE-01,Branch Manager,SOP-01-2.2,Process Requirement,Staff must give the customer a complaint reference number.,Receiving Complaints,Mandatory,Must Know,Medium,Week 2,SOP-01,1.0,2.2,Knowledge Quiz,
ROLE-01,Branch Manager,SOP-01-2.3,Process Requirement,Staff should apologise for the inconvenience without admitting liability.,Receiving Complaints,Recommended,Recommended,Low,Week 2,SOP-01,1.0,2.3,None,
ROLE-01,Branch Manager,SOP-01-4.1,Process Requirement,Complaints must be closed only after the customer confirms resolution or 7 days pass without a response.,Closure,Mandatory,Must Complete,Medium,Week 2,SOP-01,1.0,4.1,Knowledge Quiz,
ROLE-01,Branch Manager,SOP-01-4.2,Process Requirement,Branch Managers must review all complaints closed in their branch every week.,Closure,Mandatory,Must Know,Medium,Week 2,SOP-01,1.0,4.2,Knowledge Quiz,
ROLE-01,Branch Manager,SOP-01-4.3,Process Requirement,"Staff may offer a goodwill gesture of up to PKR 2,000 with Branch Manager approval.",Closure,Optional,Optional,Low,Week 2,SOP-01,1.0,4.3,None,
ROLE-01,Branch Manager,SOP-02-2.2,Process Requirement,Unresolved customer complaints must be escalated to the Branch Manager within 24 hours.,Escalation Levels,Mandatory,Must Know,Medium,Week 2,SOP-02,2.0,2.2,Knowledge Quiz,
ROLE-01,Branch Manager,SOP-02-2.3,Process Requirement,Issues unresolved at branch level must be escalated to the Regional Office within 3 working days.,Escalation Levels,Mandatory,Must Know,Medium,Week 2,SOP-02,2.0,2.3,Knowledge Quiz,
ROLE-01,Branch Manager,SOP-02-2.4,Process Requirement,Every escalation must be recorded in the CMS together with the reason for escalation.,Escalation Levels,Mandatory,Must Know,Medium,Week 2,SOP-02,2.0,2.4,Knowledge Quiz,
ROLE-01,Branch Manager,SOP-02-4.1,Process Requirement,Staff in scope must complete the Escalation Procedure module within 14 days of joining.,Training,Mandatory,Must Complete,Medium,Week 2,SOP-02,2.0,4.1,Knowledge Quiz,SOP-01-3.4
ROLE-01,Branch Manager,SOP-02-4.2,Process Requirement,Staff in scope must demonstrate the escalation workflow in a role-play scenario within 30 days of joining.,Training,Mandatory,Must Demonstrate,Medium,First 30 Days,SOP-02,2.0,4.2,Practical Assessment,
ROLE-01,Branch Manager,SOP-03-3.1,Process Requirement,Every new account must be approved by the Branch Manager before activation.,Approval,Mandatory,Must Know,Medium,Week 2,SOP-03,2.0,3.1,Knowledge Quiz,
ROLE-01,Branch Manager,SOP-03-3.2,Process Requirement,Branch Managers must approve or return account applications within 1 working day.,Approval,Mandatory,Must Know,Medium,Week 2,SOP-03,2.0,3.2,Knowledge Quiz,
ROLE-01,Branch Manager,SOP-03-4.1,Process Requirement,Accounts for high-risk customers must be referred to the Compliance Officer before approval.,High-Risk Customers,Mandatory,Must Know,Medium,Week 2,SOP-03,2.0,4.1,Knowledge Quiz,
ROLE-01,Branch Manager,SOP-03-4.2,Process Requirement,Compliance Officers must complete the high-risk review within 2 working days.,High-Risk Customers,Mandatory,Must Complete,Medium,Week 2,SOP-03,2.0,4.2,Knowledge Quiz,
ROLE-01,Branch Manager,SOP-03-5.1,Process Requirement,Staff in scope must demonstrate opening a test account in the training system within 14 days of joining.,Training,Mandatory,Must Demonstrate,Medium,Week 2,SOP-03,2.0,5.1,Practical Assessment,POL-07-2.1
ROLE-01,Branch Manager,SOP-04-3.1,Process Requirement,The vault must be opened only under dual control by two authorised staff members.,Vault Control,Mandatory,Must Know,Medium,Week 2,SOP-04,2.0,3.1,Knowledge Quiz,
ROLE-01,Branch Manager,SOP-04-3.2,Process Requirement,Vault keys and combination codes must be held by different people.,Vault Control,Mandatory,Must Know,Medium,Week 2,SOP-04,2.0,3.2,Knowledge Quiz,
ROLE-01,Branch Manager,SOP-04-3.3,Process Requirement,Operations Coordinators must reconcile the vault balance with the core banking system daily.,Vault Control,Mandatory,Must Know,Medium,Week 2,SOP-04,2.0,3.3,Knowledge Quiz,
ROLE-01,Branch Manager,SOP-04-4.1,Process Requirement,"Any cash shortage or excess above PKR 1,000 must be reported to the Branch Manager immediately.",Shortages and Excesses,Mandatory,Must Know,Medium,Week 2,SOP-04,2.0,4.1,Knowledge Quiz,
ROLE-01,Branch Manager,SOP-04-4.2,Process Requirement,Branch Managers must record shortages in the incident register and inform Operations on the same day.,Shortages and Excesses,Mandatory,Must Know,Medium,Week 2,SOP-04,2.0,4.2,Knowledge Quiz,
ROLE-01,Branch Manager,SOP-04-6.1,Process Requirement,Staff in scope must demonstrate the cash drawer balancing procedure under supervision within the first week of joining.,Training,Mandatory,Must Demonstrate,Medium,Week 1,SOP-04,2.0,6.1,Practical Assessment,
ROLE-01,Branch Manager,SOP-05-2.1,Process Requirement,System access must be requested by the reporting manager through the IT Service Portal.,Access Requests,Mandatory,Must Know,Medium,Week 2,SOP-05,2.0,2.1,Knowledge Quiz,
ROLE-01,Branch Manager,SOP-05-2.3,Process Requirement,Employees must not use the account of another employee while waiting for their own access.,Access Requests,Mandatory,Must Know,Medium,Week 2,SOP-05,2.0,2.3,Knowledge Quiz,
ROLE-01,Branch Manager,SOP-05-3.1,Process Requirement,Employees must report IT incidents through the IT Service Portal or by calling extension 1100.,Incident Reporting,Mandatory,Must Know,Medium,Week 2,SOP-05,2.0,3.1,Knowledge Quiz,
ROLE-01,Branch Manager,SOP-05-3.2,Process Requirement,Employees should include screenshots of error messages when reporting an incident.,Incident Reporting,Recommended,Recommended,Low,Week 2,SOP-05,2.0,3.2,None,
ROLE-01,Branch Manager,SOP-06-2.1,Process Requirement,Employees must submit expense claims with original receipts within 30 days of incurring the expense.,Expense Claims,Mandatory,Must Complete,Medium,Week 2,SOP-06,1.0,2.1,Knowledge Quiz,
ROLE-01,Branch Manager,SOP-06-5.1,Process Requirement,"Branch Managers must approve branch petty cash expenses up to PKR 25,000 per month.",Branch Expenses,Mandatory,Must Know,Medium,Week 2,SOP-06,1.0,5.1,Knowledge Quiz,
ROLE-01,Branch Manager,SOP-06-5.2,Process Requirement,Branch Managers may delegate petty cash approval to a Team Leader in writing.,Branch Expenses,Optional,Optional,Low,Week 2,SOP-06,1.0,5.2,None,
ROLE-02,Customer Service Officer,CMP-01-2.1,Policy Requirement,All employees must complete Information Security Basics within the first week of joining.,Modules for All Employees,Mandatory,Must Complete,High,Week 1,CMP-01,2.0,2.1,Knowledge Quiz,
ROLE-02,Customer Service Officer,CMP-01-2.2,Policy Requirement,All employees must complete Data Privacy Essentials within 14 days of joining.,Modules for All Employees,Mandatory,Must Complete,High,Week 2,CMP-01,2.0,2.2,Knowledge Quiz,CMP-01-2.1
ROLE-02,Customer Service Officer,CMP-01-2.3,Policy Requirement,All employees must complete Fraud Awareness within 30 days of joining.,Modules for All Employees,Mandatory,Must Complete,High,First 30 Days,CMP-01,2.0,2.3,Knowledge Quiz,
ROLE-02,Customer Service Officer,CMP-01-2.4,Policy Requirement,All employees must complete Anti-Harassment Awareness within 30 days of joining.,Modules for All Employees,Mandatory,Must Complete,High,First 30 Days,CMP-01,2.0,2.4,Knowledge Quiz,
ROLE-02,Customer Service Officer,CMP-01-2.5,Policy Requirement,All employees must pass each mandatory module assessment with a minimum score of 70%.,Modules for All Employees,Mandatory,Must Complete,High,First 30 Days,CMP-01,2.0,2.5,Knowledge Quiz,
ROLE-02,Customer Service Officer,CMP-01-4.1,Policy Requirement,Information Security Basics must be completed before Data Privacy Essentials.,Prerequisites,Mandatory,Must Complete,High,First 30 Days,CMP-01,2.0,4.1,Knowledge Quiz,
ROLE-02,Customer Service Officer,CMP-01-4.2,Policy Requirement,Data Privacy Essentials must be completed before any customer-data access training.,Prerequisites,Mandatory,Must Complete,High,First 30 Days,CMP-01,2.0,4.2,Knowledge Quiz,
ROLE-02,Customer Service Officer,CMP-01-4.3,Policy Requirement,AML and KYC Fundamentals must be completed before the Account Opening practical assessment.,Prerequisites,Mandatory,Must Complete,High,First 30 Days,CMP-01,2.0,4.3,Knowledge Quiz,
ROLE-02,Customer Service Officer,CMP-01-4.4,Policy Requirement,The Complaint Handling module must be completed before the Escalation Procedure module.,Prerequisites,Mandatory,Must Complete,High,First 30 Days,CMP-01,2.0,4.4,Knowledge Quiz,
ROLE-02,Customer Service Officer,CMP-01-5.1,Policy Requirement,Employees must complete refresher training for all mandatory modules every 12 months.,Refresher Training,Mandatory,Must Complete,High,First 30 Days,CMP-01,2.0,5.1,Knowledge Quiz,
ROLE-02,Customer Service Officer,CMP-01-5.2,Policy Requirement,Employees who fail an assessment twice must be referred to their reporting manager for review.,Refresher Training,Mandatory,Must Know,High,First 30 Days,CMP-01,2.0,5.2,Knowledge Quiz,
ROLE-02,Customer Service Officer,FAQ-01-4.2,Process Requirement,You must keep your bank account details updated on the HR portal.,How do I get my payslip?,Mandatory,Must Know,Medium,Week 2,FAQ-01,1.0,4.2,Knowledge Quiz,
ROLE-02,Customer Service Officer,FAQ-01-6.1,Process Requirement,Work from home may be allowed for non-customer-facing roles with Department Head approval.,Can I work from home?,Optional,Optional,Low,Week 2,FAQ-01,1.0,6.1,None,
ROLE-02,Customer Service Officer,FAQ-01-7.1,Process Requirement,A medical certificate is required for sick leave of more than 2 consecutive days.,Do I need a medical certificate for sick leave?,Mandatory,Must Know,Medium,Week 2,FAQ-01,1.0,7.1,Knowledge Quiz,
ROLE-02,Customer Service Officer,FAQ-02-3.1,Process Requirement,You should reset it using the self-service portal or call extension 1100.,What if I forget my password?,Recommended,Recommended,Low,Week 2,FAQ-02,1.0,3.1,None,
ROLE-02,Customer Service Officer,FAQ-02-4.1,Process Requirement,You must use the Report Phishing button in Outlook.,How do I report a phishing email?,Mandatory,Must Know,Medium,Week 2,FAQ-02,1.0,4.1,Knowledge Quiz,
ROLE-02,Customer Service Officer,FAQ-02-6.1,Process Requirement,You must not install any software without IT approval.,Can I install software on my computer?,Mandatory,Must Know,Medium,Week 2,FAQ-02,1.0,6.1,Knowledge Quiz,
ROLE-02,Customer Service Officer,POL-01-2.1,Policy Requirement,Every new employee must sign the Employee Handbook acknowledgement form on Day 1.,Joining Formalities,Mandatory,Must Acknowledge,High,Day 1,POL-01,1.0,2.1,Signed Acknowledgement,
ROLE-02,Customer Service Officer,POL-01-2.2,Policy Requirement,New employees must submit copies of their educational certificates to HR within the first week of joining.,Joining Formalities,Mandatory,Must Complete,Medium,Week 1,POL-01,1.0,2.2,Knowledge Quiz,
ROLE-02,Customer Service Officer,POL-01-2.3,Policy Requirement,New employees must collect their employee ID card from the HR desk on Day 1.,Joining Formalities,Mandatory,Must Complete,High,Day 1,POL-01,1.0,2.3,Knowledge Quiz,
ROLE-02,Customer Service Officer,POL-01-2.4,Policy Requirement,New employees should meet their reporting manager within the first week of joining to agree on role expectations.,Joining Formalities,Recommended,Recommended,Low,Week 1,POL-01,1.0,2.4,None,
ROLE-02,Customer Service Officer,POL-01-3.2,Policy Requirement,Employees must record attendance using the biometric system at the start and end of each working day.,Working Hours and Attendance,Mandatory,Must Know,Medium,Week 1,POL-01,1.0,3.2,Knowledge Quiz,
ROLE-02,Customer Service Officer,POL-01-3.3,Policy Requirement,Employees may request flexible timing with written approval from their reporting manager.,Working Hours and Attendance,Optional,Optional,Low,Week 1,POL-01,1.0,3.3,None,
ROLE-02,Customer Service Officer,POL-01-4.1,Policy Requirement,Employees must follow the business formal dress code on all customer-facing days.,Dress Code,Mandatory,Must Know,Medium,Week 1,POL-01,1.0,4.1,Knowledge Quiz,
ROLE-02,Customer Service Officer,POL-01-4.2,Policy Requirement,Employees should refer to the Workplace Conduct Policy (POL-05) for detailed behavioural standards.,Dress Code,Recommended,Recommended,Low,Week 1,POL-01,1.0,4.2,None,
ROLE-02,Customer Service Officer,POL-01-5.1,Policy Requirement,Employees must use bank equipment only for official purposes.,Use of Bank Resources,Mandatory,Must Know,Medium,Week 1,POL-01,1.0,5.1,Knowledge Quiz,
ROLE-02,Customer Service Officer,POL-01-5.2,Policy Requirement,Employees may use the staff cafeteria and prayer rooms during scheduled breaks.,Use of Bank Resources,Optional,Optional,Low,Week 1,POL-01,1.0,5.2,None,
ROLE-02,Customer Service Officer,POL-01-5.3,Policy Requirement,Employees must return all bank property on their last working day.,Use of Bank Resources,Mandatory,Must Know,Medium,Week 1,POL-01,1.0,5.3,Knowledge Quiz,
ROLE-02,Customer Service Officer,POL-02-2.2,Policy Requirement,Employees must complete all mandatory onboarding modules before the end of probation.,Probation,Mandatory,Must Complete,Medium,First 90 Days,POL-02,2.0,2.2,Knowledge Quiz,
ROLE-02,Customer Service Officer,POL-02-2.4,Policy Requirement,Employees must complete a probation review meeting with their reporting manager within 90 days of joining.,Probation,Mandatory,Must Complete,Medium,First 90 Days,POL-02,2.0,2.4,Knowledge Quiz,
ROLE-02,Customer Service Officer,POL-02-3.2,Policy Requirement,Employees must obtain prior approval from their reporting manager for any overtime.,Working Hours,Mandatory,Must Know,Medium,Week 1,POL-02,2.0,3.2,Knowledge Quiz,
ROLE-02,Customer Service Officer,POL-02-4.1,Policy Requirement,Employees must agree written performance objectives with their reporting manager within 30 days of joining.,Performance Management,Mandatory,Must Know,Medium,First 30 Days,POL-02,2.0,4.1,Knowledge Quiz,
ROLE-02,Customer Service Officer,POL-02-4.2,Policy Requirement,Employees should request informal feedback from their reporting manager every month.,Performance Management,Recommended,Recommended,Low,Week 1,POL-02,2.0,4.2,None,
ROLE-02,Customer Service Officer,POL-03-2.2,Policy Requirement,Employees must apply for annual leave at least 14 days in advance through the HR portal.,Annual Leave,Mandatory,Must Know,Medium,Week 1,POL-03,2.0,2.2,Knowledge Quiz,
ROLE-02,Customer Service Officer,POL-03-2.3,Policy Requirement,Employees must not take more than 10 consecutive working days of annual leave without Department Head approval.,Annual Leave,Mandatory,Must Know,Medium,Week 1,POL-03,2.0,2.3,Knowledge Quiz,
ROLE-02,Customer Service Officer,POL-03-2.4,Policy Requirement,Unused annual leave may be carried forward up to a maximum of 10 days.,Annual Leave,Optional,Optional,Low,Week 1,POL-03,2.0,2.4,None,
ROLE-02,Customer Service Officer,POL-03-3.1,Policy Requirement,Employees must inform their reporting manager before 10:00 AM on any day they cannot come to work due to sickness.,Sick Leave,Mandatory,Must Know,Medium,Week 1,POL-03,2.0,3.1,Knowledge Quiz,
ROLE-02,Customer Service Officer,POL-03-3.2,Policy Requirement,Sick leave of more than 2 consecutive days must be supported by a medical certificate.,Sick Leave,Mandatory,Must Know,Medium,Week 1,POL-03,2.0,3.2,Knowledge Quiz,
ROLE-02,Customer Service Officer,POL-03-6.1,Policy Requirement,"Employees may refer to the HR and Leave FAQ (FAQ-01) for common questions; where the FAQ differs from this policy, this policy prevails.",Related Guidance,Optional,Optional,Low,Week 1,POL-03,2.0,6.1,None,
ROLE-02,Customer Service Officer,POL-04-2.1,Policy Requirement,All employees must complete the Information Security Basics module within the first week of joining.,Security Awareness,Mandatory,Must Complete,High,Week 1,POL-04,2.0,2.1,Knowledge Quiz,
ROLE-02,Customer Service Officer,POL-04-2.2,Policy Requirement,All employees must sign the Acceptable Use acknowledgement on Day 1.,Security Awareness,Mandatory,Must Acknowledge,High,Day 1,POL-04,2.0,2.2,Signed Acknowledgement,
ROLE-02,Customer Service Officer,POL-04-2.3,Policy Requirement,Employees must report any suspected security incident to the IT Service Desk within 1 hour of noticing it.,Security Awareness,Mandatory,Must Know,High,Week 1,POL-04,2.0,2.3,Knowledge Quiz,
ROLE-02,Customer Service Officer,POL-04-3.1,Policy Requirement,"Passwords must be at least 12 characters long and include upper-case letters, numbers and symbols.",Passwords and Access,Mandatory,Must Know,High,Week 1,POL-04,2.0,3.1,Knowledge Quiz,
ROLE-02,Customer Service Officer,POL-04-3.2,Policy Requirement,Employees must change their passwords every 60 days.,Passwords and Access,Mandatory,Must Know,High,Week 1,POL-04,2.0,3.2,Knowledge Quiz,
ROLE-02,Customer Service Officer,POL-04-3.3,Policy Requirement,"Employees must not share their passwords or access cards with anyone, including colleagues and managers.",Passwords and Access,Mandatory,Must Know,High,Week 1,POL-04,2.0,3.3,Knowledge Quiz,
ROLE-02,Customer Service Officer,POL-04-3.4,Policy Requirement,Employees must enable multi-factor authentication on their email account within the first week of joining.,Passwords and Access,Mandatory,Must Complete,High,Week 1,POL-04,2.0,3.4,Knowledge Quiz,
ROLE-02,Customer Service Officer,POL-04-4.1,Policy Requirement,Personal USB drives and external storage devices must not be connected to bank computers.,Devices and Removable Media,Mandatory,Must Know,High,Week 1,POL-04,2.0,4.1,Knowledge Quiz,
ROLE-02,Customer Service Officer,POL-04-4.2,Policy Requirement,Employees must lock their screen whenever they leave their desk.,Devices and Removable Media,Mandatory,Must Know,High,Week 1,POL-04,2.0,4.2,Knowledge Quiz,
ROLE-02,Customer Service Officer,POL-04-4.3,Policy Requirement,Employees should store work files only on the approved network drive.,Devices and Removable Media,Recommended,Recommended,Low,Week 1,POL-04,2.0,4.3,None,
ROLE-02,Customer Service Officer,POL-04-5.1,Policy Requirement,Employees must report suspicious emails using the Report Phishing button in Outlook.,Email and Phishing,Mandatory,Must Know,High,Week 1,POL-04,2.0,5.1,Knowledge Quiz,
ROLE-02,Customer Service Officer,POL-04-5.2,Policy Requirement,Employees must not open attachments from unknown senders.,Email and Phishing,Mandatory,Must Know,High,Week 1,POL-04,2.0,5.2,Knowledge Quiz,
ROLE-02,Customer Service Officer,POL-05-2.1,Policy Requirement,Employees must treat customers and colleagues with respect and courtesy.,Professional Behaviour,Mandatory,Must Know,Medium,Week 1,POL-05,1.0,2.1,Knowledge Quiz,
ROLE-02,Customer Service Officer,POL-05-2.2,Policy Requirement,"Employees must not accept gifts worth more than PKR 5,000 from customers or vendors.",Professional Behaviour,Mandatory,Must Know,Medium,Week 1,POL-05,1.0,2.2,Knowledge Quiz,
ROLE-02,Customer Service Officer,POL-05-2.3,Policy Requirement,Employees must declare every gift received in the Gift Register within 3 working days.,Professional Behaviour,Mandatory,Must Acknowledge,Medium,Week 1,POL-05,1.0,2.3,Signed Acknowledgement,
ROLE-02,Customer Service Officer,POL-05-2.4,Policy Requirement,Employees must acknowledge the Code of Conduct on Day 1.,Professional Behaviour,Mandatory,Must Acknowledge,High,Day 1,POL-05,1.0,2.4,Signed Acknowledgement,
ROLE-02,Customer Service Officer,POL-05-3.1,Policy Requirement,Employees must not engage in any form of harassment or discrimination.,Harassment and Discrimination,Mandatory,Must Know,Medium,Week 1,POL-05,1.0,3.1,Knowledge Quiz,
ROLE-02,Customer Service Officer,POL-05-3.2,Policy Requirement,Employees should report harassment to HR or through the confidential helpline.,Harassment and Discrimination,Recommended,Recommended,Low,Week 1,POL-05,1.0,3.2,None,
ROLE-02,Customer Service Officer,POL-05-3.3,Policy Requirement,All employees must complete the Anti-Harassment Awareness module within 30 days of joining.,Harassment and Discrimination,Mandatory,Must Complete,Medium,First 30 Days,POL-05,1.0,3.3,Knowledge Quiz,
ROLE-02,Customer Service Officer,POL-05-4.1,Policy Requirement,Employees must declare any conflict of interest to HR within the first week of joining.,Conflict of Interest,Mandatory,Must Acknowledge,Medium,Week 1,POL-05,1.0,4.1,Signed Acknowledgement,
ROLE-02,Customer Service Officer,POL-05-4.2,Policy Requirement,Employees may undertake outside part-time work only with written approval from HR.,Conflict of Interest,Optional,Optional,Low,Week 1,POL-05,1.0,4.2,None,
ROLE-02,Customer Service Officer,POL-05-5.1,Policy Requirement,Employees must not post confidential bank information on social media.,Social Media,Mandatory,Must Know,Medium,Week 1,POL-05,1.0,5.1,Knowledge Quiz,
ROLE-02,Customer Service Officer,POL-06-2.1,Policy Requirement,Employees must access customer personal data only when it is required for their assigned duties.,Personal Data Handling,Mandatory,Must Know,High,Week 1,POL-06,2.0,2.1,Knowledge Quiz,
ROLE-02,Customer Service Officer,POL-06-2.2,Policy Requirement,Employees must complete the Data Privacy Essentials module within 14 days of joining.,Personal Data Handling,Mandatory,Must Complete,High,Week 2,POL-06,2.0,2.2,Knowledge Quiz,POL-04-2.1
ROLE-02,Customer Service Officer,POL-06-2.3,Policy Requirement,Customer data must not be sent to personal email addresses or messaging apps.,Personal Data Handling,Mandatory,Must Know,High,Week 1,POL-06,2.0,2.3,Knowledge Quiz,
ROLE-02,Customer Service Officer,POL-06-3.1,Policy Requirement,Customer-facing staff must verify the identity of the customer using at least two identifiers before sharing account information.,Customer-Facing Staff,Mandatory,Must Know,High,Week 1,POL-06,2.0,3.1,Knowledge Quiz,
ROLE-02,Customer Service Officer,POL-06-3.2,Policy Requirement,Customer-facing staff must not write customer account numbers on paper notes.,Customer-Facing Staff,Mandatory,Must Know,High,Week 1,POL-06,2.0,3.2,Knowledge Quiz,
ROLE-02,Customer Service Officer,POL-06-3.3,Policy Requirement,Customer-facing staff should use the screen privacy filter provided at the counter.,Customer-Facing Staff,Recommended,Recommended,Low,Week 1,POL-06,2.0,3.3,None,
ROLE-02,Customer Service Officer,POL-06-5.1,Policy Requirement,Any suspected data breach must be reported to the Compliance Officer within 2 hours.,Data Breach,Mandatory,Must Know,High,Week 1,POL-06,2.0,5.1,Knowledge Quiz,
ROLE-02,Customer Service Officer,POL-07-2.1,Policy Requirement,Staff in scope must complete the AML and KYC Fundamentals module within 14 days of joining.,AML Training,Mandatory,Must Complete,High,Week 2,POL-07,2.0,2.1,Knowledge Quiz,
ROLE-02,Customer Service Officer,POL-07-2.2,Policy Requirement,Staff in scope must pass the AML assessment with a minimum score of 80%.,AML Training,Mandatory,Must Complete,High,Week 1,POL-07,2.0,2.2,Knowledge Quiz,
ROLE-02,Customer Service Officer,POL-07-3.1,Policy Requirement,Staff must verify the CNIC of the customer through the NADRA verification system before opening any account.,Customer Due Diligence,Mandatory,Must Know,High,Week 1,POL-07,2.0,3.1,Knowledge Quiz,
ROLE-02,Customer Service Officer,POL-07-3.2,Policy Requirement,"Staff must obtain source-of-income documents for accounts expected to receive more than PKR 1,000,000 per month.",Customer Due Diligence,Mandatory,Must Know,High,Week 1,POL-07,2.0,3.2,Knowledge Quiz,
ROLE-02,Customer Service Officer,POL-07-3.3,Policy Requirement,Enhanced due diligence must be applied to politically exposed persons (PEPs).,Customer Due Diligence,Mandatory,Must Know,High,Week 1,POL-07,2.0,3.3,Knowledge Quiz,
ROLE-02,Customer Service Officer,POL-07-4.1,Policy Requirement,Staff must report any suspicious transaction to the Compliance Officer on the same working day.,Suspicious Activity,Mandatory,Must Know,High,Week 1,POL-07,2.0,4.1,Knowledge Quiz,
ROLE-02,Customer Service Officer,POL-07-4.2,Policy Requirement,Staff must not inform the customer that a suspicious activity report has been filed.,Suspicious Activity,Mandatory,Must Know,High,Week 1,POL-07,2.0,4.2,Knowledge Quiz,
ROLE-02,Customer Service Officer,POL-08-2.1,Policy Requirement,All employees must complete the Fraud Awareness module within 30 days of joining.,Fraud Awareness,Mandatory,Must Complete,High,First 30 Days,POL-08,1.0,2.1,Knowledge Quiz,
ROLE-02,Customer Service Officer,POL-08-2.2,Policy Requirement,Employees must report suspected fraud through the whistleblowing channel or to the Compliance Officer.,Fraud Awareness,Mandatory,Must Know,High,Week 1,POL-08,1.0,2.2,Knowledge Quiz,
ROLE-02,Customer Service Officer,POL-08-3.1,Policy Requirement,Employees may report concerns anonymously through the confidential hotline.,Whistleblowing,Optional,Optional,Low,Week 1,POL-08,1.0,3.1,None,
ROLE-02,Customer Service Officer,POL-08-3.2,Policy Requirement,Employees must not attempt to investigate suspected fraud on their own.,Whistleblowing,Mandatory,Must Know,High,Week 1,POL-08,1.0,3.2,Knowledge Quiz,
ROLE-02,Customer Service Officer,PRC-01-2.1,Process Requirement,New joiners must report to the HR desk at 9:00 AM on Day 1.,Day 1,Mandatory,Must Know,High,Day 1,PRC-01,1.0,2.1,Knowledge Quiz,
ROLE-02,Customer Service Officer,PRC-01-2.3,Process Requirement,New joiners must attend the welcome orientation session on Day 1.,Day 1,Mandatory,Must Complete,High,Day 1,PRC-01,1.0,2.3,Knowledge Quiz,
ROLE-02,Customer Service Officer,PRC-01-3.1,Process Requirement,New joiners must complete the mandatory security and conduct modules within the first week of joining.,Week 1,Mandatory,Must Complete,Medium,Week 1,PRC-01,1.0,3.1,Knowledge Quiz,
ROLE-02,Customer Service Officer,PRC-01-3.2,Process Requirement,New joiners should meet at least three colleagues from other departments within the first week of joining.,Week 1,Recommended,Recommended,Low,Week 1,PRC-01,1.0,3.2,None,
ROLE-02,Customer Service Officer,PRC-01-4.1,Process Requirement,New joiners must complete their role-specific learning plan milestones within 30 days of joining.,First 30 Days,Mandatory,Must Complete,Medium,First 30 Days,PRC-01,1.0,4.1,Knowledge Quiz,
ROLE-02,Customer Service Officer,PRC-01-4.2,Process Requirement,New joiners must attend a check-in meeting with their reporting manager within 30 days of joining.,First 30 Days,Mandatory,Must Complete,Medium,First 30 Days,PRC-01,1.0,4.2,Knowledge Quiz,
ROLE-02,Customer Service Officer,PRC-01-5.1,Process Requirement,New joiners must complete all practical assessments within 60 days of joining.,First 60 and 90 Days,Mandatory,Must Complete,Medium,First 60 Days,PRC-01,1.0,5.1,Knowledge Quiz,
ROLE-02,Customer Service Officer,PRC-01-5.2,Process Requirement,New joiners must complete the final onboarding assessment within 90 days of joining.,First 60 and 90 Days,Mandatory,Must Complete,Medium,First 90 Days,PRC-01,1.0,5.2,Knowledge Quiz,
ROLE-02,Customer Service Officer,PRC-01-5.3,Process Requirement,New joiners may request a mentor from the HR team at any time during onboarding.,First 60 and 90 Days,Optional,Optional,Low,First 30 Days,PRC-01,1.0,5.3,None,
ROLE-02,Customer Service Officer,PRC-01-6.1,Process Requirement,Branch new joiners must complete a branch security walkthrough on Day 1.,Branch New Joiners,Mandatory,Must Complete,High,Day 1,PRC-01,1.0,6.1,Knowledge Quiz,
ROLE-02,Customer Service Officer,PRC-01-6.2,Process Requirement,Branch new joiners must not handle customer cash or customer data until AML and KYC Fundamentals is completed.,Branch New Joiners,Mandatory,Must Complete,Medium,First 30 Days,PRC-01,1.0,6.2,Knowledge Quiz,
ROLE-02,Customer Service Officer,RD-01-2.2,Process Requirement,The Customer Service Officer must achieve a customer satisfaction score of at least 85% in quarterly surveys.,Customer Service Officer,Mandatory,Must Know,Medium,Week 2,RD-01,1.0,2.2,Knowledge Quiz,
ROLE-02,Customer Service Officer,RD-01-2.3,Process Requirement,The Customer Service Officer should learn the full product range of the bank within 30 days of joining.,Customer Service Officer,Recommended,Recommended,Low,First 30 Days,RD-01,1.0,2.3,None,
ROLE-02,Customer Service Officer,SOP-01-2.1,Process Requirement,Staff must log every customer complaint in the Complaint Management System (CMS) at the time it is received.,Receiving Complaints,Mandatory,Must Know,Medium,Week 2,SOP-01,1.0,2.1,Knowledge Quiz,
ROLE-02,Customer Service Officer,SOP-01-2.2,Process Requirement,Staff must give the customer a complaint reference number.,Receiving Complaints,Mandatory,Must Know,Medium,Week 2,SOP-01,1.0,2.2,Knowledge Quiz,
ROLE-02,Customer Service Officer,SOP-01-2.3,Process Requirement,Staff should apologise for the inconvenience without admitting liability.,Receiving Complaints,Recommended,Recommended,Low,Week 2,SOP-01,1.0,2.3,None,
ROLE-02,Customer Service Officer,SOP-01-3.1,Process Requirement,Customer Service Officers must acknowledge each complaint within 24 hours.,Resolution,Mandatory,Must Acknowledge,Medium,Week 2,SOP-01,1.0,3.1,Signed Acknowledgement,
ROLE-02,Customer Service Officer,SOP-01-3.2,Process Requirement,Customer Service Officers must resolve standard complaints within 5 working days.,Resolution,Mandatory,Must Know,Medium,Week 2,SOP-01,1.0,3.2,Knowledge Quiz,
ROLE-02,Customer Service Officer,SOP-01-3.4,Process Requirement,Customer Service Officers must demonstrate complaint logging in the CMS training environment within the first week of joining.,Resolution,Mandatory,Must Demonstrate,Medium,Week 1,SOP-01,1.0,3.4,Practical Assessment,
ROLE-02,Customer Service Officer,SOP-01-4.1,Process Requirement,Complaints must be closed only after the customer confirms resolution or 7 days pass without a response.,Closure,Mandatory,Must Complete,Medium,Week 2,SOP-01,1.0,4.1,Knowledge Quiz,
ROLE-02,Customer Service Officer,SOP-01-4.2,Process Requirement,Branch Managers must review all complaints closed in their branch every week.,Closure,Mandatory,Must Know,Medium,Week 2,SOP-01,1.0,4.2,Knowledge Quiz,
ROLE-02,Customer Service Officer,SOP-01-4.3,Process Requirement,"Staff may offer a goodwill gesture of up to PKR 2,000 with Branch Manager approval.",Closure,Optional,Optional,Low,Week 2,SOP-01,1.0,4.3,None,
ROLE-02,Customer Service Officer,SOP-02-2.2,Process Requirement,Unresolved customer complaints must be escalated to the Branch Manager within 24 hours.,Escalation Levels,Mandatory,Must Know,Medium,Week 2,SOP-02,2.0,2.2,Knowledge Quiz,
ROLE-02,Customer Service Officer,SOP-02-2.3,Process Requirement,Issues unresolved at branch level must be escalated to the Regional Office within 3 working days.,Escalation Levels,Mandatory,Must Know,Medium,Week 2,SOP-02,2.0,2.3,Knowledge Quiz,
ROLE-02,Customer Service Officer,SOP-02-2.4,Process Requirement,Every escalation must be recorded in the CMS together with the reason for escalation.,Escalation Levels,Mandatory,Must Know,Medium,Week 2,SOP-02,2.0,2.4,Knowledge Quiz,
ROLE-02,Customer Service Officer,SOP-02-4.1,Process Requirement,Staff in scope must complete the Escalation Procedure module within 14 days of joining.,Training,Mandatory,Must Complete,Medium,Week 2,SOP-02,2.0,4.1,Knowledge Quiz,SOP-01-3.4
ROLE-02,Customer Service Officer,SOP-02-4.2,Process Requirement,Staff in scope must demonstrate the escalation workflow in a role-play scenario within 30 days of joining.,Training,Mandatory,Must Demonstrate,Medium,First 30 Days,SOP-02,2.0,4.2,Practical Assessment,
ROLE-02,Customer Service Officer,SOP-03-2.1,Process Requirement,Staff must complete the Account Opening Form with all mandatory fields before submission.,Customer Onboarding,Mandatory,Must Complete,Medium,Week 2,SOP-03,2.0,2.1,Knowledge Quiz,
ROLE-02,Customer Service Officer,SOP-03-2.2,Process Requirement,Staff must verify the CNIC of the customer through NADRA verification before opening the account.,Customer Onboarding,Mandatory,Must Know,Medium,Week 2,SOP-03,2.0,2.2,Knowledge Quiz,
ROLE-02,Customer Service Officer,SOP-03-2.3,Process Requirement,Staff must capture the photograph and digital signature of the customer in the core banking system.,Customer Onboarding,Mandatory,Must Know,Medium,Week 2,SOP-03,2.0,2.3,Knowledge Quiz,
ROLE-02,Customer Service Officer,SOP-03-2.4,Process Requirement,Staff should explain the account fee schedule to the customer.,Customer Onboarding,Recommended,Recommended,Low,Week 2,SOP-03,2.0,2.4,None,
ROLE-02,Customer Service Officer,SOP-03-5.1,Process Requirement,Staff in scope must demonstrate opening a test account in the training system within 14 days of joining.,Training,Mandatory,Must Demonstrate,Medium,Week 2,SOP-03,2.0,5.1,Practical Assessment,POL-07-2.1
ROLE-02,Customer Service Officer,SOP-05-2.1,Process Requirement,System access must be requested by the reporting manager through the IT Service Portal.,Access Requests,Mandatory,Must Know,Medium,Week 2,SOP-05,2.0,2.1,Knowledge Quiz,
ROLE-02,Customer Service Officer,SOP-05-2.3,Process Requirement,Employees must not use the account of another employee while waiting for their own access.,Access Requests,Mandatory,Must Know,Medium,Week 2,SOP-05,2.0,2.3,Knowledge Quiz,
ROLE-02,Customer Service Officer,SOP-05-3.1,Process Requirement,Employees must report IT incidents through the IT Service Portal or by calling extension 1100.,Incident Reporting,Mandatory,Must Know,Medium,Week 2,SOP-05,2.0,3.1,Knowledge Quiz,
ROLE-02,Customer Service Officer,SOP-05-3.2,Process Requirement,Employees should include screenshots of error messages when reporting an incident.,Incident Reporting,Recommended,Recommended,Low,Week 2,SOP-05,2.0,3.2,None,
ROLE-02,Customer Service Officer,SOP-06-2.1,Process Requirement,Employees must submit expense claims with original receipts within 30 days of incurring the expense.,Expense Claims,Mandatory,Must Complete,Medium,Week 2,SOP-06,1.0,2.1,Knowledge Quiz,
ROLE-03,Sales Executive,CMP-01-2.1,Policy Requirement,All employees must complete Information Security Basics within the first week of joining.,Modules for All Employees,Mandatory,Must Complete,High,Week 1,CMP-01,2.0,2.1,Knowledge Quiz,
ROLE-03,Sales Executive,CMP-01-2.2,Policy Requirement,All employees must complete Data Privacy Essentials within 14 days of joining.,Modules for All Employees,Mandatory,Must Complete,High,Week 2,CMP-01,2.0,2.2,Knowledge Quiz,CMP-01-2.1
ROLE-03,Sales Executive,CMP-01-2.3,Policy Requirement,All employees must complete Fraud Awareness within 30 days of joining.,Modules for All Employees,Mandatory,Must Complete,High,First 30 Days,CMP-01,2.0,2.3,Knowledge Quiz,
ROLE-03,Sales Executive,CMP-01-2.4,Policy Requirement,All employees must complete Anti-Harassment Awareness within 30 days of joining.,Modules for All Employees,Mandatory,Must Complete,High,First 30 Days,CMP-01,2.0,2.4,Knowledge Quiz,
ROLE-03,Sales Executive,CMP-01-2.5,Policy Requirement,All employees must pass each mandatory module assessment with a minimum score of 70%.,Modules for All Employees,Mandatory,Must Complete,High,First 30 Days,CMP-01,2.0,2.5,Knowledge Quiz,
ROLE-03,Sales Executive,CMP-01-4.1,Policy Requirement,Information Security Basics must be completed before Data Privacy Essentials.,Prerequisites,Mandatory,Must Complete,High,First 30 Days,CMP-01,2.0,4.1,Knowledge Quiz,
ROLE-03,Sales Executive,CMP-01-4.2,Policy Requirement,Data Privacy Essentials must be completed before any customer-data access training.,Prerequisites,Mandatory,Must Complete,High,First 30 Days,CMP-01,2.0,4.2,Knowledge Quiz,
ROLE-03,Sales Executive,CMP-01-4.3,Policy Requirement,AML and KYC Fundamentals must be completed before the Account Opening practical assessment.,Prerequisites,Mandatory,Must Complete,High,First 30 Days,CMP-01,2.0,4.3,Knowledge Quiz,
ROLE-03,Sales Executive,CMP-01-4.4,Policy Requirement,The Complaint Handling module must be completed before the Escalation Procedure module.,Prerequisites,Mandatory,Must Complete,High,First 30 Days,CMP-01,2.0,4.4,Knowledge Quiz,
ROLE-03,Sales Executive,CMP-01-5.1,Policy Requirement,Employees must complete refresher training for all mandatory modules every 12 months.,Refresher Training,Mandatory,Must Complete,High,First 30 Days,CMP-01,2.0,5.1,Knowledge Quiz,
ROLE-03,Sales Executive,CMP-01-5.2,Policy Requirement,Employees who fail an assessment twice must be referred to their reporting manager for review.,Refresher Training,Mandatory,Must Know,High,First 30 Days,CMP-01,2.0,5.2,Knowledge Quiz,
ROLE-03,Sales Executive,FAQ-01-4.2,Process Requirement,You must keep your bank account details updated on the HR portal.,How do I get my payslip?,Mandatory,Must Know,Medium,Week 2,FAQ-01,1.0,4.2,Knowledge Quiz,
ROLE-03,Sales Executive,FAQ-01-6.1,Process Requirement,Work from home may be allowed for non-customer-facing roles with Department Head approval.,Can I work from home?,Optional,Optional,Low,Week 2,FAQ-01,1.0,6.1,None,
ROLE-03,Sales Executive,FAQ-01-7.1,Process Requirement,A medical certificate is required for sick leave of more than 2 consecutive days.,Do I need a medical certificate for sick leave?,Mandatory,Must Know,Medium,Week 2,FAQ-01,1.0,7.1,Knowledge Quiz,
ROLE-03,Sales Executive,FAQ-02-3.1,Process Requirement,You should reset it using the self-service portal or call extension 1100.,What if I forget my password?,Recommended,Recommended,Low,Week 2,FAQ-02,1.0,3.1,None,
ROLE-03,Sales Executive,FAQ-02-4.1,Process Requirement,You must use the Report Phishing button in Outlook.,How do I report a phishing email?,Mandatory,Must Know,Medium,Week 2,FAQ-02,1.0,4.1,Knowledge Quiz,
ROLE-03,Sales Executive,FAQ-02-6.1,Process Requirement,You must not install any software without IT approval.,Can I install software on my computer?,Mandatory,Must Know,Medium,Week 2,FAQ-02,1.0,6.1,Knowledge Quiz,
ROLE-03,Sales Executive,POL-01-2.1,Policy Requirement,Every new employee must sign the Employee Handbook acknowledgement form on Day 1.,Joining Formalities,Mandatory,Must Acknowledge,High,Day 1,POL-01,1.0,2.1,Signed Acknowledgement,
ROLE-03,Sales Executive,POL-01-2.2,Policy Requirement,New employees must submit copies of their educational certificates to HR within the first week of joining.,Joining Formalities,Mandatory,Must Complete,Medium,Week 1,POL-01,1.0,2.2,Knowledge Quiz,
ROLE-03,Sales Executive,POL-01-2.3,Policy Requirement,New employees must collect their employee ID card from the HR desk on Day 1.,Joining Formalities,Mandatory,Must Complete,High,Day 1,POL-01,1.0,2.3,Knowledge Quiz,
ROLE-03,Sales Executive,POL-01-2.4,Policy Requirement,New employees should meet their reporting manager within the first week of joining to agree on role expectations.,Joining Formalities,Recommended,Recommended,Low,Week 1,POL-01,1.0,2.4,None,
ROLE-03,Sales Executive,POL-01-3.2,Policy Requirement,Employees must record attendance using the biometric system at the start and end of each working day.,Working Hours and Attendance,Mandatory,Must Know,Medium,Week 1,POL-01,1.0,3.2,Knowledge Quiz,
ROLE-03,Sales Executive,POL-01-3.3,Policy Requirement,Employees may request flexible timing with written approval from their reporting manager.,Working Hours and Attendance,Optional,Optional,Low,Week 1,POL-01,1.0,3.3,None,
ROLE-03,Sales Executive,POL-01-4.1,Policy Requirement,Employees must follow the business formal dress code on all customer-facing days.,Dress Code,Mandatory,Must Know,Medium,Week 1,POL-01,1.0,4.1,Knowledge Quiz,
ROLE-03,Sales Executive,POL-01-4.2,Policy Requirement,Employees should refer to the Workplace Conduct Policy (POL-05) for detailed behavioural standards.,Dress Code,Recommended,Recommended,Low,Week 1,POL-01,1.0,4.2,None,
ROLE-03,Sales Executive,POL-01-5.1,Policy Requirement,Employees must use bank equipment only for official purposes.,Use of Bank Resources,Mandatory,Must Know,Medium,Week 1,POL-01,1.0,5.1,Knowledge Quiz,
ROLE-03,Sales Executive,POL-01-5.2,Policy Requirement,Employees may use the staff cafeteria and prayer rooms during scheduled breaks.,Use of Bank Resources,Optional,Optional,Low,Week 1,POL-01,1.0,5.2,None,
ROLE-03,Sales Executive,POL-01-5.3,Policy Requirement,Employees must return all bank property on their last working day.,Use of Bank Resources,Mandatory,Must Know,Medium,Week 1,POL-01,1.0,5.3,Knowledge Quiz,
ROLE-03,Sales Executive,POL-02-2.2,Policy Requirement,Employees must complete all mandatory onboarding modules before the end of probation.,Probation,Mandatory,Must Complete,Medium,First 90 Days,POL-02,2.0,2.2,Knowledge Quiz,
ROLE-03,Sales Executive,POL-02-2.4,Policy Requirement,Employees must complete a probation review meeting with their reporting manager within 90 days of joining.,Probation,Mandatory,Must Complete,Medium,First 90 Days,POL-02,2.0,2.4,Knowledge Quiz,
ROLE-03,Sales Executive,POL-02-3.2,Policy Requirement,Employees must obtain prior approval from their reporting manager for any overtime.,Working Hours,Mandatory,Must Know,Medium,Week 1,POL-02,2.0,3.2,Knowledge Quiz,
ROLE-03,Sales Executive,POL-02-4.1,Policy Requirement,Employees must agree written performance objectives with their reporting manager within 30 days of joining.,Performance Management,Mandatory,Must Know,Medium,First 30 Days,POL-02,2.0,4.1,Knowledge Quiz,
ROLE-03,Sales Executive,POL-02-4.2,Policy Requirement,Employees should request informal feedback from their reporting manager every month.,Performance Management,Recommended,Recommended,Low,Week 1,POL-02,2.0,4.2,None,
ROLE-03,Sales Executive,POL-03-2.2,Policy Requirement,Employees must apply for annual leave at least 14 days in advance through the HR portal.,Annual Leave,Mandatory,Must Know,Medium,Week 1,POL-03,2.0,2.2,Knowledge Quiz,
ROLE-03,Sales Executive,POL-03-2.3,Policy Requirement,Employees must not take more than 10 consecutive working days of annual leave without Department Head approval.,Annual Leave,Mandatory,Must Know,Medium,Week 1,POL-03,2.0,2.3,Knowledge Quiz,
ROLE-03,Sales Executive,POL-03-2.4,Policy Requirement,Unused annual leave may be carried forward up to a maximum of 10 days.,Annual Leave,Optional,Optional,Low,Week 1,POL-03,2.0,2.4,None,
ROLE-03,Sales Executive,POL-03-3.1,Policy Requirement,Employees must inform their reporting manager before 10:00 AM on any day they cannot come to work due to sickness.,Sick Leave,Mandatory,Must Know,Medium,Week 1,POL-03,2.0,3.1,Knowledge Quiz,
ROLE-03,Sales Executive,POL-03-3.2,Policy Requirement,Sick leave of more than 2 consecutive days must be supported by a medical certificate.,Sick Leave,Mandatory,Must Know,Medium,Week 1,POL-03,2.0,3.2,Knowledge Quiz,
ROLE-03,Sales Executive,POL-03-6.1,Policy Requirement,"Employees may refer to the HR and Leave FAQ (FAQ-01) for common questions; where the FAQ differs from this policy, this policy prevails.",Related Guidance,Optional,Optional,Low,Week 1,POL-03,2.0,6.1,None,
ROLE-03,Sales Executive,POL-04-2.1,Policy Requirement,All employees must complete the Information Security Basics module within the first week of joining.,Security Awareness,Mandatory,Must Complete,High,Week 1,POL-04,2.0,2.1,Knowledge Quiz,
ROLE-03,Sales Executive,POL-04-2.2,Policy Requirement,All employees must sign the Acceptable Use acknowledgement on Day 1.,Security Awareness,Mandatory,Must Acknowledge,High,Day 1,POL-04,2.0,2.2,Signed Acknowledgement,
ROLE-03,Sales Executive,POL-04-2.3,Policy Requirement,Employees must report any suspected security incident to the IT Service Desk within 1 hour of noticing it.,Security Awareness,Mandatory,Must Know,High,Week 1,POL-04,2.0,2.3,Knowledge Quiz,
ROLE-03,Sales Executive,POL-04-3.1,Policy Requirement,"Passwords must be at least 12 characters long and include upper-case letters, numbers and symbols.",Passwords and Access,Mandatory,Must Know,High,Week 1,POL-04,2.0,3.1,Knowledge Quiz,
ROLE-03,Sales Executive,POL-04-3.2,Policy Requirement,Employees must change their passwords every 60 days.,Passwords and Access,Mandatory,Must Know,High,Week 1,POL-04,2.0,3.2,Knowledge Quiz,
ROLE-03,Sales Executive,POL-04-3.3,Policy Requirement,"Employees must not share their passwords or access cards with anyone, including colleagues and managers.",Passwords and Access,Mandatory,Must Know,High,Week 1,POL-04,2.0,3.3,Knowledge Quiz,
ROLE-03,Sales Executive,POL-04-3.4,Policy Requirement,Employees must enable multi-factor authentication on their email account within the first week of joining.,Passwords and Access,Mandatory,Must Complete,High,Week 1,POL-04,2.0,3.4,Knowledge Quiz,
ROLE-03,Sales Executive,POL-04-4.1,Policy Requirement,Personal USB drives and external storage devices must not be connected to bank computers.,Devices and Removable Media,Mandatory,Must Know,High,Week 1,POL-04,2.0,4.1,Knowledge Quiz,
ROLE-03,Sales Executive,POL-04-4.2,Policy Requirement,Employees must lock their screen whenever they leave their desk.,Devices and Removable Media,Mandatory,Must Know,High,Week 1,POL-04,2.0,4.2,Knowledge Quiz,
ROLE-03,Sales Executive,POL-04-4.3,Policy Requirement,Employees should store work files only on the approved network drive.,Devices and Removable Media,Recommended,Recommended,Low,Week 1,POL-04,2.0,4.3,None,
ROLE-03,Sales Executive,POL-04-5.1,Policy Requirement,Employees must report suspicious emails using the Report Phishing button in Outlook.,Email and Phishing,Mandatory,Must Know,High,Week 1,POL-04,2.0,5.1,Knowledge Quiz,
ROLE-03,Sales Executive,POL-04-5.2,Policy Requirement,Employees must not open attachments from unknown senders.,Email and Phishing,Mandatory,Must Know,High,Week 1,POL-04,2.0,5.2,Knowledge Quiz,
ROLE-03,Sales Executive,POL-05-2.1,Policy Requirement,Employees must treat customers and colleagues with respect and courtesy.,Professional Behaviour,Mandatory,Must Know,Medium,Week 1,POL-05,1.0,2.1,Knowledge Quiz,
ROLE-03,Sales Executive,POL-05-2.2,Policy Requirement,"Employees must not accept gifts worth more than PKR 5,000 from customers or vendors.",Professional Behaviour,Mandatory,Must Know,Medium,Week 1,POL-05,1.0,2.2,Knowledge Quiz,
ROLE-03,Sales Executive,POL-05-2.3,Policy Requirement,Employees must declare every gift received in the Gift Register within 3 working days.,Professional Behaviour,Mandatory,Must Acknowledge,Medium,Week 1,POL-05,1.0,2.3,Signed Acknowledgement,
ROLE-03,Sales Executive,POL-05-2.4,Policy Requirement,Employees must acknowledge the Code of Conduct on Day 1.,Professional Behaviour,Mandatory,Must Acknowledge,High,Day 1,POL-05,1.0,2.4,Signed Acknowledgement,
ROLE-03,Sales Executive,POL-05-3.1,Policy Requirement,Employees must not engage in any form of harassment or discrimination.,Harassment and Discrimination,Mandatory,Must Know,Medium,Week 1,POL-05,1.0,3.1,Knowledge Quiz,
ROLE-03,Sales Executive,POL-05-3.2,Policy Requirement,Employees should report harassment to HR or through the confidential helpline.,Harassment and Discrimination,Recommended,Recommended,Low,Week 1,POL-05,1.0,3.2,None,
ROLE-03,Sales Executive,POL-05-3.3,Policy Requirement,All employees must complete the Anti-Harassment Awareness module within 30 days of joining.,Harassment and Discrimination,Mandatory,Must Complete,Medium,First 30 Days,POL-05,1.0,3.3,Knowledge Quiz,
ROLE-03,Sales Executive,POL-05-4.1,Policy Requirement,Employees must declare any conflict of interest to HR within the first week of joining.,Conflict of Interest,Mandatory,Must Acknowledge,Medium,Week 1,POL-05,1.0,4.1,Signed Acknowledgement,
ROLE-03,Sales Executive,POL-05-4.2,Policy Requirement,Employees may undertake outside part-time work only with written approval from HR.,Conflict of Interest,Optional,Optional,Low,Week 1,POL-05,1.0,4.2,None,
ROLE-03,Sales Executive,POL-05-5.1,Policy Requirement,Employees must not post confidential bank information on social media.,Social Media,Mandatory,Must Know,Medium,Week 1,POL-05,1.0,5.1,Knowledge Quiz,
ROLE-03,Sales Executive,POL-06-2.1,Policy Requirement,Employees must access customer personal data only when it is required for their assigned duties.,Personal Data Handling,Mandatory,Must Know,High,Week 1,POL-06,2.0,2.1,Knowledge Quiz,
ROLE-03,Sales Executive,POL-06-2.2,Policy Requirement,Employees must complete the Data Privacy Essentials module within 14 days of joining.,Personal Data Handling,Mandatory,Must Complete,High,Week 2,POL-06,2.0,2.2,Knowledge Quiz,POL-04-2.1
ROLE-03,Sales Executive,POL-06-2.3,Policy Requirement,Customer data must not be sent to personal email addresses or messaging apps.,Personal Data Handling,Mandatory,Must Know,High,Week 1,POL-06,2.0,2.3,Knowledge Quiz,
ROLE-03,Sales Executive,POL-06-3.1,Policy Requirement,Customer-facing staff must verify the identity of the customer using at least two identifiers before sharing account information.,Customer-Facing Staff,Mandatory,Must Know,High,Week 1,POL-06,2.0,3.1,Knowledge Quiz,
ROLE-03,Sales Executive,POL-06-3.2,Policy Requirement,Customer-facing staff must not write customer account numbers on paper notes.,Customer-Facing Staff,Mandatory,Must Know,High,Week 1,POL-06,2.0,3.2,Knowledge Quiz,
ROLE-03,Sales Executive,POL-06-3.3,Policy Requirement,Customer-facing staff should use the screen privacy filter provided at the counter.,Customer-Facing Staff,Recommended,Recommended,Low,Week 1,POL-06,2.0,3.3,None,
ROLE-03,Sales Executive,POL-06-5.1,Policy Requirement,Any suspected data breach must be reported to the Compliance Officer within 2 hours.,Data Breach,Mandatory,Must Know,High,Week 1,POL-06,2.0,5.1,Knowledge Quiz,
ROLE-03,Sales Executive,POL-07-2.1,Policy Requirement,Staff in scope must complete the AML and KYC Fundamentals module within 14 days of joining.,AML Training,Mandatory,Must Complete,High,Week 2,POL-07,2.0,2.1,Knowledge Quiz,
ROLE-03,Sales Executive,POL-07-2.2,Policy Requirement,Staff in scope must pass the AML assessment with a minimum score of 80%.,AML Training,Mandatory,Must Complete,High,Week 1,POL-07,2.0,2.2,Knowledge Quiz,
ROLE-03,Sales Executive,POL-07-3.1,Policy Requirement,Staff must verify the CNIC of the customer through the NADRA verification system before opening any account.,Customer Due Diligence,Mandatory,Must Know,High,Week 1,POL-07,2.0,3.1,Knowledge Quiz,
ROLE-03,Sales Executive,POL-07-3.2,Policy Requirement,"Staff must obtain source-of-income documents for accounts expected to receive more than PKR 1,000,000 per month.",Customer Due Diligence,Mandatory,Must Know,High,Week 1,POL-07,2.0,3.2,Knowledge Quiz,
ROLE-03,Sales Executive,POL-07-3.3,Policy Requirement,Enhanced due diligence must be applied to politically exposed persons (PEPs).,Customer Due Diligence,Mandatory,Must Know,High,Week 1,POL-07,2.0,3.3,Knowledge Quiz,
ROLE-03,Sales Executive,POL-07-4.1,Policy Requirement,Staff must report any suspicious transaction to the Compliance Officer on the same working day.,Suspicious Activity,Mandatory,Must Know,High,Week 1,POL-07,2.0,4.1,Knowledge Quiz,
ROLE-03,Sales Executive,POL-07-4.2,Policy Requirement,Staff must not inform the customer that a suspicious activity report has been filed.,Suspicious Activity,Mandatory,Must Know,High,Week 1,POL-07,2.0,4.2,Knowledge Quiz,
ROLE-03,Sales Executive,POL-08-2.1,Policy Requirement,All employees must complete the Fraud Awareness module within 30 days of joining.,Fraud Awareness,Mandatory,Must Complete,High,First 30 Days,POL-08,1.0,2.1,Knowledge Quiz,
ROLE-03,Sales Executive,POL-08-2.2,Policy Requirement,Employees must report suspected fraud through the whistleblowing channel or to the Compliance Officer.,Fraud Awareness,Mandatory,Must Know,High,Week 1,POL-08,1.0,2.2,Knowledge Quiz,
ROLE-03,Sales Executive,POL-08-3.1,Policy Requirement,Employees may report concerns anonymously through the confidential hotline.,Whistleblowing,Optional,Optional,Low,Week 1,POL-08,1.0,3.1,None,
ROLE-03,Sales Executive,POL-08-3.2,Policy Requirement,Employees must not attempt to investigate suspected fraud on their own.,Whistleblowing,Mandatory,Must Know,High,Week 1,POL-08,1.0,3.2,Knowledge Quiz,
ROLE-03,Sales Executive,PRC-01-2.1,Process Requirement,New joiners must report to the HR desk at 9:00 AM on Day 1.,Day 1,Mandatory,Must Know,High,Day 1,PRC-01,1.0,2.1,Knowledge Quiz,
ROLE-03,Sales Executive,PRC-01-2.3,Process Requirement,New joiners must attend the welcome orientation session on Day 1.,Day 1,Mandatory,Must Complete,High,Day 1,PRC-01,1.0,2.3,Knowledge Quiz,
ROLE-03,Sales Executive,PRC-01-3.1,Process Requirement,New joiners must complete the mandatory security and conduct modules within the first week of joining.,Week 1,Mandatory,Must Complete,Medium,Week 1,PRC-01,1.0,3.1,Knowledge Quiz,
ROLE-03,Sales Executive,PRC-01-3.2,Process Requirement,New joiners should meet at least three colleagues from other departments within the first week of joining.,Week 1,Recommended,Recommended,Low,Week 1,PRC-01,1.0,3.2,None,
ROLE-03,Sales Executive,PRC-01-4.1,Process Requirement,New joiners must complete their role-specific learning plan milestones within 30 days of joining.,First 30 Days,Mandatory,Must Complete,Medium,First 30 Days,PRC-01,1.0,4.1,Knowledge Quiz,
ROLE-03,Sales Executive,PRC-01-4.2,Process Requirement,New joiners must attend a check-in meeting with their reporting manager within 30 days of joining.,First 30 Days,Mandatory,Must Complete,Medium,First 30 Days,PRC-01,1.0,4.2,Knowledge Quiz,
ROLE-03,Sales Executive,PRC-01-5.1,Process Requirement,New joiners must complete all practical assessments within 60 days of joining.,First 60 and 90 Days,Mandatory,Must Complete,Medium,First 60 Days,PRC-01,1.0,5.1,Knowledge Quiz,
ROLE-03,Sales Executive,PRC-01-5.2,Process Requirement,New joiners must complete the final onboarding assessment within 90 days of joining.,First 60 and 90 Days,Mandatory,Must Complete,Medium,First 90 Days,PRC-01,1.0,5.2,Knowledge Quiz,
ROLE-03,Sales Executive,PRC-01-5.3,Process Requirement,New joiners may request a mentor from the HR team at any time during onboarding.,First 60 and 90 Days,Optional,Optional,Low,First 30 Days,PRC-01,1.0,5.3,None,
ROLE-03,Sales Executive,PRC-01-6.1,Process Requirement,Branch new joiners must complete a branch security walkthrough on Day 1.,Branch New Joiners,Mandatory,Must Complete,High,Day 1,PRC-01,1.0,6.1,Knowledge Quiz,
ROLE-03,Sales Executive,PRC-01-6.2,Process Requirement,Branch new joiners must not handle customer cash or customer data until AML and KYC Fundamentals is completed.,Branch New Joiners,Mandatory,Must Complete,Medium,First 30 Days,PRC-01,1.0,6.2,Knowledge Quiz,
ROLE-03,Sales Executive,RD-01-3.2,Process Requirement,The Sales Executive must meet the monthly new-account target agreed with the Branch Manager.,Sales Executive,Mandatory,Must Know,Medium,Week 2,RD-01,1.0,3.2,Knowledge Quiz,
ROLE-03,Sales Executive,SOP-01-2.1,Process Requirement,Staff must log every customer complaint in the Complaint Management System (CMS) at the time it is received.,Receiving Complaints,Mandatory,Must Know,Medium,Week 2,SOP-01,1.0,2.1,Knowledge Quiz,
ROLE-03,Sales Executive,SOP-01-2.2,Process Requirement,Staff must give the customer a complaint reference number.,Receiving Complaints,Mandatory,Must Know,Medium,Week 2,SOP-01,1.0,2.2,Knowledge Quiz,
ROLE-03,Sales Executive,SOP-01-2.3,Process Requirement,Staff should apologise for the inconvenience without admitting liability.,Receiving Complaints,Recommended,Recommended,Low,Week 2,SOP-01,1.0,2.3,None,
ROLE-03,Sales Executive,SOP-03-2.1,Process Requirement,Staff must complete the Account Opening Form with all mandatory fields before submission.,Customer Onboarding,Mandatory,Must Complete,Medium,Week 2,SOP-03,2.0,2.1,Knowledge Quiz,
ROLE-03,Sales Executive,SOP-03-2.2,Process Requirement,Staff must verify the CNIC of the customer through NADRA verification before opening the account.,Customer Onboarding,Mandatory,Must Know,Medium,Week 2,SOP-03,2.0,2.2,Knowledge Quiz,
ROLE-03,Sales Executive,SOP-03-2.3,Process Requirement,Staff must capture the photograph and digital signature of the customer in the core banking system.,Customer Onboarding,Mandatory,Must Know,Medium,Week 2,SOP-03,2.0,2.3,Knowledge Quiz,
ROLE-03,Sales Executive,SOP-03-2.4,Process Requirement,Staff should explain the account fee schedule to the customer.,Customer Onboarding,Recommended,Recommended,Low,Week 2,SOP-03,2.0,2.4,None,
ROLE-03,Sales Executive,SOP-03-3.1,Process Requirement,Every new account must be approved by the Branch Manager before activation.,Approval,Mandatory,Must Know,Medium,Week 2,SOP-03,2.0,3.1,Knowledge Quiz,
ROLE-03,Sales Executive,SOP-03-3.2,Process Requirement,Branch Managers must approve or return account applications within 1 working day.,Approval,Mandatory,Must Know,Medium,Week 2,SOP-03,2.0,3.2,Knowledge Quiz,
ROLE-03,Sales Executive,SOP-03-4.1,Process Requirement,Accounts for high-risk customers must be referred to the Compliance Officer before approval.,High-Risk Customers,Mandatory,Must Know,Medium,Week 2,SOP-03,2.0,4.1,Knowledge Quiz,
ROLE-03,Sales Executive,SOP-03-4.2,Process Requirement,Compliance Officers must complete the high-risk review within 2 working days.,High-Risk Customers,Mandatory,Must Complete,Medium,Week 2,SOP-03,2.0,4.2,Knowledge Quiz,
ROLE-03,Sales Executive,SOP-03-5.1,Process Requirement,Staff in scope must demonstrate opening a test account in the training system within 14 days of joining.,Training,Mandatory,Must Demonstrate,Medium,Week 2,SOP-03,2.0,5.1,Practical Assessment,POL-07-2.1
ROLE-03,Sales Executive,SOP-05-2.1,Process Requirement,System access must be requested by the reporting manager through the IT Service Portal.,Access Requests,Mandatory,Must Know,Medium,Week 2,SOP-05,2.0,2.1,Knowledge Quiz,
ROLE-03,Sales Executive,SOP-05-2.3,Process Requirement,Employees must not use the account of another employee while waiting for their own access.,Access Requests,Mandatory,Must Know,Medium,Week 2,SOP-05,2.0,2.3,Knowledge Quiz,
ROLE-03,Sales Executive,SOP-05-3.1,Process Requirement,Employees must report IT incidents through the IT Service Portal or by calling extension 1100.,Incident Reporting,Mandatory,Must Know,Medium,Week 2,SOP-05,2.0,3.1,Knowledge Quiz,
ROLE-03,Sales Executive,SOP-05-3.2,Process Requirement,Employees should include screenshots of error messages when reporting an incident.,Incident Reporting,Recommended,Recommended,Low,Week 2,SOP-05,2.0,3.2,None,
ROLE-03,Sales Executive,SOP-06-2.1,Process Requirement,Employees must submit expense claims with original receipts within 30 days of incurring the expense.,Expense Claims,Mandatory,Must Complete,Medium,Week 2,SOP-06,1.0,2.1,Knowledge Quiz,
ROLE-04,HR Executive,CMP-01-2.1,Policy Requirement,All employees must complete Information Security Basics within the first week of joining.,Modules for All Employees,Mandatory,Must Complete,High,Week 1,CMP-01,2.0,2.1,Knowledge Quiz,
ROLE-04,HR Executive,CMP-01-2.2,Policy Requirement,All employees must complete Data Privacy Essentials within 14 days of joining.,Modules for All Employees,Mandatory,Must Complete,High,Week 2,CMP-01,2.0,2.2,Knowledge Quiz,CMP-01-2.1
ROLE-04,HR Executive,CMP-01-2.3,Policy Requirement,All employees must complete Fraud Awareness within 30 days of joining.,Modules for All Employees,Mandatory,Must Complete,High,First 30 Days,CMP-01,2.0,2.3,Knowledge Quiz,
ROLE-04,HR Executive,CMP-01-2.4,Policy Requirement,All employees must complete Anti-Harassment Awareness within 30 days of joining.,Modules for All Employees,Mandatory,Must Complete,High,First 30 Days,CMP-01,2.0,2.4,Knowledge Quiz,
ROLE-04,HR Executive,CMP-01-2.5,Policy Requirement,All employees must pass each mandatory module assessment with a minimum score of 70%.,Modules for All Employees,Mandatory,Must Complete,High,First 30 Days,CMP-01,2.0,2.5,Knowledge Quiz,
ROLE-04,HR Executive,CMP-01-4.1,Policy Requirement,Information Security Basics must be completed before Data Privacy Essentials.,Prerequisites,Mandatory,Must Complete,High,First 30 Days,CMP-01,2.0,4.1,Knowledge Quiz,
ROLE-04,HR Executive,CMP-01-4.2,Policy Requirement,Data Privacy Essentials must be completed before any customer-data access training.,Prerequisites,Mandatory,Must Complete,High,First 30 Days,CMP-01,2.0,4.2,Knowledge Quiz,
ROLE-04,HR Executive,CMP-01-4.3,Policy Requirement,AML and KYC Fundamentals must be completed before the Account Opening practical assessment.,Prerequisites,Mandatory,Must Complete,High,First 30 Days,CMP-01,2.0,4.3,Knowledge Quiz,
ROLE-04,HR Executive,CMP-01-4.4,Policy Requirement,The Complaint Handling module must be completed before the Escalation Procedure module.,Prerequisites,Mandatory,Must Complete,High,First 30 Days,CMP-01,2.0,4.4,Knowledge Quiz,
ROLE-04,HR Executive,CMP-01-5.1,Policy Requirement,Employees must complete refresher training for all mandatory modules every 12 months.,Refresher Training,Mandatory,Must Complete,High,First 30 Days,CMP-01,2.0,5.1,Knowledge Quiz,
ROLE-04,HR Executive,CMP-01-5.2,Policy Requirement,Employees who fail an assessment twice must be referred to their reporting manager for review.,Refresher Training,Mandatory,Must Know,High,First 30 Days,CMP-01,2.0,5.2,Knowledge Quiz,
ROLE-04,HR Executive,FAQ-01-4.2,Process Requirement,You must keep your bank account details updated on the HR portal.,How do I get my payslip?,Mandatory,Must Know,Medium,Week 2,FAQ-01,1.0,4.2,Knowledge Quiz,
ROLE-04,HR Executive,FAQ-01-6.1,Process Requirement,Work from home may be allowed for non-customer-facing roles with Department Head approval.,Can I work from home?,Optional,Optional,Low,Week 2,FAQ-01,1.0,6.1,None,
ROLE-04,HR Executive,FAQ-01-7.1,Process Requirement,A medical certificate is required for sick leave of more than 2 consecutive days.,Do I need a medical certificate for sick leave?,Mandatory,Must Know,Medium,Week 2,FAQ-01,1.0,7.1,Knowledge Quiz,
ROLE-04,HR Executive,FAQ-02-3.1,Process Requirement,You should reset it using the self-service portal or call extension 1100.,What if I forget my password?,Recommended,Recommended,Low,Week 2,FAQ-02,1.0,3.1,None,
ROLE-04,HR Executive,FAQ-02-4.1,Process Requirement,You must use the Report Phishing button in Outlook.,How do I report a phishing email?,Mandatory,Must Know,Medium,Week 2,FAQ-02,1.0,4.1,Knowledge Quiz,
ROLE-04,HR Executive,FAQ-02-6.1,Process Requirement,You must not install any software without IT approval.,Can I install software on my computer?,Mandatory,Must Know,Medium,Week 2,FAQ-02,1.0,6.1,Knowledge Quiz,
ROLE-04,HR Executive,POL-01-2.1,Policy Requirement,Every new employee must sign the Employee Handbook acknowledgement form on Day 1.,Joining Formalities,Mandatory,Must Acknowledge,High,Day 1,POL-01,1.0,2.1,Signed Acknowledgement,
ROLE-04,HR Executive,POL-01-2.2,Policy Requirement,New employees must submit copies of their educational certificates to HR within the first week of joining.,Joining Formalities,Mandatory,Must Complete,Medium,Week 1,POL-01,1.0,2.2,Knowledge Quiz,
ROLE-04,HR Executive,POL-01-2.3,Policy Requirement,New employees must collect their employee ID card from the HR desk on Day 1.,Joining Formalities,Mandatory,Must Complete,High,Day 1,POL-01,1.0,2.3,Knowledge Quiz,
ROLE-04,HR Executive,POL-01-2.4,Policy Requirement,New employees should meet their reporting manager within the first week of joining to agree on role expectations.,Joining Formalities,Recommended,Recommended,Low,Week 1,POL-01,1.0,2.4,None,
ROLE-04,HR Executive,POL-01-3.2,Policy Requirement,Employees must record attendance using the biometric system at the start and end of each working day.,Working Hours and Attendance,Mandatory,Must Know,Medium,Week 1,POL-01,1.0,3.2,Knowledge Quiz,
ROLE-04,HR Executive,POL-01-3.3,Policy Requirement,Employees may request flexible timing with written approval from their reporting manager.,Working Hours and Attendance,Optional,Optional,Low,Week 1,POL-01,1.0,3.3,None,
ROLE-04,HR Executive,POL-01-4.1,Policy Requirement,Employees must follow the business formal dress code on all customer-facing days.,Dress Code,Mandatory,Must Know,Medium,Week 1,POL-01,1.0,4.1,Knowledge Quiz,
ROLE-04,HR Executive,POL-01-4.2,Policy Requirement,Employees should refer to the Workplace Conduct Policy (POL-05) for detailed behavioural standards.,Dress Code,Recommended,Recommended,Low,Week 1,POL-01,1.0,4.2,None,
ROLE-04,HR Executive,POL-01-5.1,Policy Requirement,Employees must use bank equipment only for official purposes.,Use of Bank Resources,Mandatory,Must Know,Medium,Week 1,POL-01,1.0,5.1,Knowledge Quiz,
ROLE-04,HR Executive,POL-01-5.2,Policy Requirement,Employees may use the staff cafeteria and prayer rooms during scheduled breaks.,Use of Bank Resources,Optional,Optional,Low,Week 1,POL-01,1.0,5.2,None,
ROLE-04,HR Executive,POL-01-5.3,Policy Requirement,Employees must return all bank property on their last working day.,Use of Bank Resources,Mandatory,Must Know,Medium,Week 1,POL-01,1.0,5.3,Knowledge Quiz,
ROLE-04,HR Executive,POL-02-2.2,Policy Requirement,Employees must complete all mandatory onboarding modules before the end of probation.,Probation,Mandatory,Must Complete,Medium,First 90 Days,POL-02,2.0,2.2,Knowledge Quiz,
ROLE-04,HR Executive,POL-02-2.4,Policy Requirement,Employees must complete a probation review meeting with their reporting manager within 90 days of joining.,Probation,Mandatory,Must Complete,Medium,First 90 Days,POL-02,2.0,2.4,Knowledge Quiz,
ROLE-04,HR Executive,POL-02-3.2,Policy Requirement,Employees must obtain prior approval from their reporting manager for any overtime.,Working Hours,Mandatory,Must Know,Medium,Week 1,POL-02,2.0,3.2,Knowledge Quiz,
ROLE-04,HR Executive,POL-02-4.1,Policy Requirement,Employees must agree written performance objectives with their reporting manager within 30 days of joining.,Performance Management,Mandatory,Must Know,Medium,First 30 Days,POL-02,2.0,4.1,Knowledge Quiz,
ROLE-04,HR Executive,POL-02-4.2,Policy Requirement,Employees should request informal feedback from their reporting manager every month.,Performance Management,Recommended,Recommended,Low,Week 1,POL-02,2.0,4.2,None,
ROLE-04,HR Executive,POL-02-5.1,Policy Requirement,HR Executives must verify the educational certificates of every new joiner within 14 calendar days of the new joiner's start date.,HR Operations,Mandatory,Must Know,Medium,Week 1,POL-02,2.0,5.1,Knowledge Quiz,
ROLE-04,HR Executive,POL-02-5.2,Policy Requirement,HR Executives must maintain employee records only in the HR Information System and must not store personnel files on personal devices.,HR Operations,Mandatory,Must Know,Medium,Week 1,POL-02,2.0,5.2,Knowledge Quiz,
ROLE-04,HR Executive,POL-02-5.3,Policy Requirement,HR Executives must complete the HR Information System training within the first week of joining.,HR Operations,Mandatory,Must Complete,Medium,Week 1,POL-02,2.0,5.3,Knowledge Quiz,
ROLE-04,HR Executive,POL-02-5.4,Policy Requirement,HR Executives should conduct an exit interview with every resigning employee.,HR Operations,Recommended,Recommended,Low,Week 1,POL-02,2.0,5.4,None,
ROLE-04,HR Executive,POL-03-2.2,Policy Requirement,Employees must apply for annual leave at least 14 days in advance through the HR portal.,Annual Leave,Mandatory,Must Know,Medium,Week 1,POL-03,2.0,2.2,Knowledge Quiz,
ROLE-04,HR Executive,POL-03-2.3,Policy Requirement,Employees must not take more than 10 consecutive working days of annual leave without Department Head approval.,Annual Leave,Mandatory,Must Know,Medium,Week 1,POL-03,2.0,2.3,Knowledge Quiz,
ROLE-04,HR Executive,POL-03-2.4,Policy Requirement,Unused annual leave may be carried forward up to a maximum of 10 days.,Annual Leave,Optional,Optional,Low,Week 1,POL-03,2.0,2.4,None,
ROLE-04,HR Executive,POL-03-3.1,Policy Requirement,Employees must inform their reporting manager before 10:00 AM on any day they cannot come to work due to sickness.,Sick Leave,Mandatory,Must Know,Medium,Week 1,POL-03,2.0,3.1,Knowledge Quiz,
ROLE-04,HR Executive,POL-03-3.2,Policy Requirement,Sick leave of more than 2 consecutive days must be supported by a medical certificate.,Sick Leave,Mandatory,Must Know,Medium,Week 1,POL-03,2.0,3.2,Knowledge Quiz,
ROLE-04,HR Executive,POL-03-6.1,Policy Requirement,"Employees may refer to the HR and Leave FAQ (FAQ-01) for common questions; where the FAQ differs from this policy, this policy prevails.",Related Guidance,Optional,Optional,Low,Week 1,POL-03,2.0,6.1,None,
ROLE-04,HR Executive,POL-04-2.1,Policy Requirement,All employees must complete the Information Security Basics module within the first week of joining.,Security Awareness,Mandatory,Must Complete,High,Week 1,POL-04,2.0,2.1,Knowledge Quiz,
ROLE-04,HR Executive,POL-04-2.2,Policy Requirement,All employees must sign the Acceptable Use acknowledgement on Day 1.,Security Awareness,Mandatory,Must Acknowledge,High,Day 1,POL-04,2.0,2.2,Signed Acknowledgement,
ROLE-04,HR Executive,POL-04-2.3,Policy Requirement,Employees must report any suspected security incident to the IT Service Desk within 1 hour of noticing it.,Security Awareness,Mandatory,Must Know,High,Week 1,POL-04,2.0,2.3,Knowledge Quiz,
ROLE-04,HR Executive,POL-04-3.1,Policy Requirement,"Passwords must be at least 12 characters long and include upper-case letters, numbers and symbols.",Passwords and Access,Mandatory,Must Know,High,Week 1,POL-04,2.0,3.1,Knowledge Quiz,
ROLE-04,HR Executive,POL-04-3.2,Policy Requirement,Employees must change their passwords every 60 days.,Passwords and Access,Mandatory,Must Know,High,Week 1,POL-04,2.0,3.2,Knowledge Quiz,
ROLE-04,HR Executive,POL-04-3.3,Policy Requirement,"Employees must not share their passwords or access cards with anyone, including colleagues and managers.",Passwords and Access,Mandatory,Must Know,High,Week 1,POL-04,2.0,3.3,Knowledge Quiz,
ROLE-04,HR Executive,POL-04-3.4,Policy Requirement,Employees must enable multi-factor authentication on their email account within the first week of joining.,Passwords and Access,Mandatory,Must Complete,High,Week 1,POL-04,2.0,3.4,Knowledge Quiz,
ROLE-04,HR Executive,POL-04-4.1,Policy Requirement,Personal USB drives and external storage devices must not be connected to bank computers.,Devices and Removable Media,Mandatory,Must Know,High,Week 1,POL-04,2.0,4.1,Knowledge Quiz,
ROLE-04,HR Executive,POL-04-4.2,Policy Requirement,Employees must lock their screen whenever they leave their desk.,Devices and Removable Media,Mandatory,Must Know,High,Week 1,POL-04,2.0,4.2,Knowledge Quiz,
ROLE-04,HR Executive,POL-04-4.3,Policy Requirement,Employees should store work files only on the approved network drive.,Devices and Removable Media,Recommended,Recommended,Low,Week 1,POL-04,2.0,4.3,None,
ROLE-04,HR Executive,POL-04-5.1,Policy Requirement,Employees must report suspicious emails using the Report Phishing button in Outlook.,Email and Phishing,Mandatory,Must Know,High,Week 1,POL-04,2.0,5.1,Knowledge Quiz,
ROLE-04,HR Executive,POL-04-5.2,Policy Requirement,Employees must not open attachments from unknown senders.,Email and Phishing,Mandatory,Must Know,High,Week 1,POL-04,2.0,5.2,Knowledge Quiz,
ROLE-04,HR Executive,POL-05-2.1,Policy Requirement,Employees must treat customers and colleagues with respect and courtesy.,Professional Behaviour,Mandatory,Must Know,Medium,Week 1,POL-05,1.0,2.1,Knowledge Quiz,
ROLE-04,HR Executive,POL-05-2.2,Policy Requirement,"Employees must not accept gifts worth more than PKR 5,000 from customers or vendors.",Professional Behaviour,Mandatory,Must Know,Medium,Week 1,POL-05,1.0,2.2,Knowledge Quiz,
ROLE-04,HR Executive,POL-05-2.3,Policy Requirement,Employees must declare every gift received in the Gift Register within 3 working days.,Professional Behaviour,Mandatory,Must Acknowledge,Medium,Week 1,POL-05,1.0,2.3,Signed Acknowledgement,
ROLE-04,HR Executive,POL-05-2.4,Policy Requirement,Employees must acknowledge the Code of Conduct on Day 1.,Professional Behaviour,Mandatory,Must Acknowledge,High,Day 1,POL-05,1.0,2.4,Signed Acknowledgement,
ROLE-04,HR Executive,POL-05-3.1,Policy Requirement,Employees must not engage in any form of harassment or discrimination.,Harassment and Discrimination,Mandatory,Must Know,Medium,Week 1,POL-05,1.0,3.1,Knowledge Quiz,
ROLE-04,HR Executive,POL-05-3.2,Policy Requirement,Employees should report harassment to HR or through the confidential helpline.,Harassment and Discrimination,Recommended,Recommended,Low,Week 1,POL-05,1.0,3.2,None,
ROLE-04,HR Executive,POL-05-3.3,Policy Requirement,All employees must complete the Anti-Harassment Awareness module within 30 days of joining.,Harassment and Discrimination,Mandatory,Must Complete,Medium,First 30 Days,POL-05,1.0,3.3,Knowledge Quiz,
ROLE-04,HR Executive,POL-05-4.1,Policy Requirement,Employees must declare any conflict of interest to HR within the first week of joining.,Conflict of Interest,Mandatory,Must Acknowledge,Medium,Week 1,POL-05,1.0,4.1,Signed Acknowledgement,
ROLE-04,HR Executive,POL-05-4.2,Policy Requirement,Employees may undertake outside part-time work only with written approval from HR.,Conflict of Interest,Optional,Optional,Low,Week 1,POL-05,1.0,4.2,None,
ROLE-04,HR Executive,POL-05-5.1,Policy Requirement,Employees must not post confidential bank information on social media.,Social Media,Mandatory,Must Know,Medium,Week 1,POL-05,1.0,5.1,Knowledge Quiz,
ROLE-04,HR Executive,POL-06-2.1,Policy Requirement,Employees must access customer personal data only when it is required for their assigned duties.,Personal Data Handling,Mandatory,Must Know,High,Week 1,POL-06,2.0,2.1,Knowledge Quiz,
ROLE-04,HR Executive,POL-06-2.2,Policy Requirement,Employees must complete the Data Privacy Essentials module within 14 days of joining.,Personal Data Handling,Mandatory,Must Complete,High,Week 2,POL-06,2.0,2.2,Knowledge Quiz,POL-04-2.1
ROLE-04,HR Executive,POL-06-2.3,Policy Requirement,Customer data must not be sent to personal email addresses or messaging apps.,Personal Data Handling,Mandatory,Must Know,High,Week 1,POL-06,2.0,2.3,Knowledge Quiz,
ROLE-04,HR Executive,POL-06-5.1,Policy Requirement,Any suspected data breach must be reported to the Compliance Officer within 2 hours.,Data Breach,Mandatory,Must Know,High,Week 1,POL-06,2.0,5.1,Knowledge Quiz,
ROLE-04,HR Executive,POL-08-2.1,Policy Requirement,All employees must complete the Fraud Awareness module within 30 days of joining.,Fraud Awareness,Mandatory,Must Complete,High,First 30 Days,POL-08,1.0,2.1,Knowledge Quiz,
ROLE-04,HR Executive,POL-08-2.2,Policy Requirement,Employees must report suspected fraud through the whistleblowing channel or to the Compliance Officer.,Fraud Awareness,Mandatory,Must Know,High,Week 1,POL-08,1.0,2.2,Knowledge Quiz,
ROLE-04,HR Executive,POL-08-3.1,Policy Requirement,Employees may report concerns anonymously through the confidential hotline.,Whistleblowing,Optional,Optional,Low,Week 1,POL-08,1.0,3.1,None,
ROLE-04,HR Executive,POL-08-3.2,Policy Requirement,Employees must not attempt to investigate suspected fraud on their own.,Whistleblowing,Mandatory,Must Know,High,Week 1,POL-08,1.0,3.2,Knowledge Quiz,
ROLE-04,HR Executive,PRC-01-2.1,Process Requirement,New joiners must report to the HR desk at 9:00 AM on Day 1.,Day 1,Mandatory,Must Know,High,Day 1,PRC-01,1.0,2.1,Knowledge Quiz,
ROLE-04,HR Executive,PRC-01-2.3,Process Requirement,New joiners must attend the welcome orientation session on Day 1.,Day 1,Mandatory,Must Complete,High,Day 1,PRC-01,1.0,2.3,Knowledge Quiz,
ROLE-04,HR Executive,PRC-01-3.1,Process Requirement,New joiners must complete the mandatory security and conduct modules within the first week of joining.,Week 1,Mandatory,Must Complete,Medium,Week 1,PRC-01,1.0,3.1,Knowledge Quiz,
ROLE-04,HR Executive,PRC-01-3.2,Process Requirement,New joiners should meet at least three colleagues from other departments within the first week of joining.,Week 1,Recommended,Recommended,Low,Week 1,PRC-01,1.0,3.2,None,
ROLE-04,HR Executive,PRC-01-4.1,Process Requirement,New joiners must complete their role-specific learning plan milestones within 30 days of joining.,First 30 Days,Mandatory,Must Complete,Medium,First 30 Days,PRC-01,1.0,4.1,Knowledge Quiz,
ROLE-04,HR Executive,PRC-01-4.2,Process Requirement,New joiners must attend a check-in meeting with their reporting manager within 30 days of joining.,First 30 Days,Mandatory,Must Complete,Medium,First 30 Days,PRC-01,1.0,4.2,Knowledge Quiz,
ROLE-04,HR Executive,PRC-01-5.1,Process Requirement,New joiners must complete all practical assessments within 60 days of joining.,First 60 and 90 Days,Mandatory,Must Complete,Medium,First 60 Days,PRC-01,1.0,5.1,Knowledge Quiz,
ROLE-04,HR Executive,PRC-01-5.2,Process Requirement,New joiners must complete the final onboarding assessment within 90 days of joining.,First 60 and 90 Days,Mandatory,Must Complete,Medium,First 90 Days,PRC-01,1.0,5.2,Knowledge Quiz,
ROLE-04,HR Executive,PRC-01-5.3,Process Requirement,New joiners may request a mentor from the HR team at any time during onboarding.,First 60 and 90 Days,Optional,Optional,Low,First 30 Days,PRC-01,1.0,5.3,None,
ROLE-04,HR Executive,RD-01-4.2,Process Requirement,The HR Executive must conduct the onboarding orientation for new joiners every Monday.,HR Executive,Mandatory,Must Know,Medium,Week 2,RD-01,1.0,4.2,Knowledge Quiz,
ROLE-04,HR Executive,RD-01-4.3,Process Requirement,The HR Executive must complete the Pakistan Labour Law Basics module within 30 days of joining.,HR Executive,Mandatory,Must Complete,Medium,First 30 Days,RD-01,1.0,4.3,Knowledge Quiz,
ROLE-04,HR Executive,SOP-05-2.1,Process Requirement,System access must be requested by the reporting manager through the IT Service Portal.,Access Requests,Mandatory,Must Know,Medium,Week 2,SOP-05,2.0,2.1,Knowledge Quiz,
ROLE-04,HR Executive,SOP-05-2.3,Process Requirement,Employees must not use the account of another employee while waiting for their own access.,Access Requests,Mandatory,Must Know,Medium,Week 2,SOP-05,2.0,2.3,Knowledge Quiz,
ROLE-04,HR Executive,SOP-05-3.1,Process Requirement,Employees must report IT incidents through the IT Service Portal or by calling extension 1100.,Incident Reporting,Mandatory,Must Know,Medium,Week 2,SOP-05,2.0,3.1,Knowledge Quiz,
ROLE-04,HR Executive,SOP-05-3.2,Process Requirement,Employees should include screenshots of error messages when reporting an incident.,Incident Reporting,Recommended,Recommended,Low,Week 2,SOP-05,2.0,3.2,None,
ROLE-04,HR Executive,SOP-06-2.1,Process Requirement,Employees must submit expense claims with original receipts within 30 days of incurring the expense.,Expense Claims,Mandatory,Must Complete,Medium,Week 2,SOP-06,1.0,2.1,Knowledge Quiz,
ROLE-05,Finance Associate,CMP-01-2.1,Policy Requirement,All employees must complete Information Security Basics within the first week of joining.,Modules for All Employees,Mandatory,Must Complete,High,Week 1,CMP-01,2.0,2.1,Knowledge Quiz,
ROLE-05,Finance Associate,CMP-01-2.2,Policy Requirement,All employees must complete Data Privacy Essentials within 14 days of joining.,Modules for All Employees,Mandatory,Must Complete,High,Week 2,CMP-01,2.0,2.2,Knowledge Quiz,CMP-01-2.1
ROLE-05,Finance Associate,CMP-01-2.3,Policy Requirement,All employees must complete Fraud Awareness within 30 days of joining.,Modules for All Employees,Mandatory,Must Complete,High,First 30 Days,CMP-01,2.0,2.3,Knowledge Quiz,
ROLE-05,Finance Associate,CMP-01-2.4,Policy Requirement,All employees must complete Anti-Harassment Awareness within 30 days of joining.,Modules for All Employees,Mandatory,Must Complete,High,First 30 Days,CMP-01,2.0,2.4,Knowledge Quiz,
ROLE-05,Finance Associate,CMP-01-2.5,Policy Requirement,All employees must pass each mandatory module assessment with a minimum score of 70%.,Modules for All Employees,Mandatory,Must Complete,High,First 30 Days,CMP-01,2.0,2.5,Knowledge Quiz,
ROLE-05,Finance Associate,CMP-01-4.1,Policy Requirement,Information Security Basics must be completed before Data Privacy Essentials.,Prerequisites,Mandatory,Must Complete,High,First 30 Days,CMP-01,2.0,4.1,Knowledge Quiz,
ROLE-05,Finance Associate,CMP-01-4.2,Policy Requirement,Data Privacy Essentials must be completed before any customer-data access training.,Prerequisites,Mandatory,Must Complete,High,First 30 Days,CMP-01,2.0,4.2,Knowledge Quiz,
ROLE-05,Finance Associate,CMP-01-4.3,Policy Requirement,AML and KYC Fundamentals must be completed before the Account Opening practical assessment.,Prerequisites,Mandatory,Must Complete,High,First 30 Days,CMP-01,2.0,4.3,Knowledge Quiz,
ROLE-05,Finance Associate,CMP-01-4.4,Policy Requirement,The Complaint Handling module must be completed before the Escalation Procedure module.,Prerequisites,Mandatory,Must Complete,High,First 30 Days,CMP-01,2.0,4.4,Knowledge Quiz,
ROLE-05,Finance Associate,CMP-01-5.1,Policy Requirement,Employees must complete refresher training for all mandatory modules every 12 months.,Refresher Training,Mandatory,Must Complete,High,First 30 Days,CMP-01,2.0,5.1,Knowledge Quiz,
ROLE-05,Finance Associate,CMP-01-5.2,Policy Requirement,Employees who fail an assessment twice must be referred to their reporting manager for review.,Refresher Training,Mandatory,Must Know,High,First 30 Days,CMP-01,2.0,5.2,Knowledge Quiz,
ROLE-05,Finance Associate,FAQ-01-4.2,Process Requirement,You must keep your bank account details updated on the HR portal.,How do I get my payslip?,Mandatory,Must Know,Medium,Week 2,FAQ-01,1.0,4.2,Knowledge Quiz,
ROLE-05,Finance Associate,FAQ-01-6.1,Process Requirement,Work from home may be allowed for non-customer-facing roles with Department Head approval.,Can I work from home?,Optional,Optional,Low,Week 2,FAQ-01,1.0,6.1,None,
ROLE-05,Finance Associate,FAQ-01-7.1,Process Requirement,A medical certificate is required for sick leave of more than 2 consecutive days.,Do I need a medical certificate for sick leave?,Mandatory,Must Know,Medium,Week 2,FAQ-01,1.0,7.1,Knowledge Quiz,
ROLE-05,Finance Associate,FAQ-02-3.1,Process Requirement,You should reset it using the self-service portal or call extension 1100.,What if I forget my password?,Recommended,Recommended,Low,Week 2,FAQ-02,1.0,3.1,None,
ROLE-05,Finance Associate,FAQ-02-4.1,Process Requirement,You must use the Report Phishing button in Outlook.,How do I report a phishing email?,Mandatory,Must Know,Medium,Week 2,FAQ-02,1.0,4.1,Knowledge Quiz,
ROLE-05,Finance Associate,FAQ-02-6.1,Process Requirement,You must not install any software without IT approval.,Can I install software on my computer?,Mandatory,Must Know,Medium,Week 2,FAQ-02,1.0,6.1,Knowledge Quiz,
ROLE-05,Finance Associate,POL-01-2.1,Policy Requirement,Every new employee must sign the Employee Handbook acknowledgement form on Day 1.,Joining Formalities,Mandatory,Must Acknowledge,High,Day 1,POL-01,1.0,2.1,Signed Acknowledgement,
ROLE-05,Finance Associate,POL-01-2.2,Policy Requirement,New employees must submit copies of their educational certificates to HR within the first week of joining.,Joining Formalities,Mandatory,Must Complete,Medium,Week 1,POL-01,1.0,2.2,Knowledge Quiz,
ROLE-05,Finance Associate,POL-01-2.3,Policy Requirement,New employees must collect their employee ID card from the HR desk on Day 1.,Joining Formalities,Mandatory,Must Complete,High,Day 1,POL-01,1.0,2.3,Knowledge Quiz,
ROLE-05,Finance Associate,POL-01-2.4,Policy Requirement,New employees should meet their reporting manager within the first week of joining to agree on role expectations.,Joining Formalities,Recommended,Recommended,Low,Week 1,POL-01,1.0,2.4,None,
ROLE-05,Finance Associate,POL-01-3.2,Policy Requirement,Employees must record attendance using the biometric system at the start and end of each working day.,Working Hours and Attendance,Mandatory,Must Know,Medium,Week 1,POL-01,1.0,3.2,Knowledge Quiz,
ROLE-05,Finance Associate,POL-01-3.3,Policy Requirement,Employees may request flexible timing with written approval from their reporting manager.,Working Hours and Attendance,Optional,Optional,Low,Week 1,POL-01,1.0,3.3,None,
ROLE-05,Finance Associate,POL-01-4.1,Policy Requirement,Employees must follow the business formal dress code on all customer-facing days.,Dress Code,Mandatory,Must Know,Medium,Week 1,POL-01,1.0,4.1,Knowledge Quiz,
ROLE-05,Finance Associate,POL-01-4.2,Policy Requirement,Employees should refer to the Workplace Conduct Policy (POL-05) for detailed behavioural standards.,Dress Code,Recommended,Recommended,Low,Week 1,POL-01,1.0,4.2,None,
ROLE-05,Finance Associate,POL-01-5.1,Policy Requirement,Employees must use bank equipment only for official purposes.,Use of Bank Resources,Mandatory,Must Know,Medium,Week 1,POL-01,1.0,5.1,Knowledge Quiz,
ROLE-05,Finance Associate,POL-01-5.2,Policy Requirement,Employees may use the staff cafeteria and prayer rooms during scheduled breaks.,Use of Bank Resources,Optional,Optional,Low,Week 1,POL-01,1.0,5.2,None,
ROLE-05,Finance Associate,POL-01-5.3,Policy Requirement,Employees must return all bank property on their last working day.,Use of Bank Resources,Mandatory,Must Know,Medium,Week 1,POL-01,1.0,5.3,Knowledge Quiz,
ROLE-05,Finance Associate,POL-02-2.2,Policy Requirement,Employees must complete all mandatory onboarding modules before the end of probation.,Probation,Mandatory,Must Complete,Medium,First 90 Days,POL-02,2.0,2.2,Knowledge Quiz,
ROLE-05,Finance Associate,POL-02-2.4,Policy Requirement,Employees must complete a probation review meeting with their reporting manager within 90 days of joining.,Probation,Mandatory,Must Complete,Medium,First 90 Days,POL-02,2.0,2.4,Knowledge Quiz,
ROLE-05,Finance Associate,POL-02-3.2,Policy Requirement,Employees must obtain prior approval from their reporting manager for any overtime.,Working Hours,Mandatory,Must Know,Medium,Week 1,POL-02,2.0,3.2,Knowledge Quiz,
ROLE-05,Finance Associate,POL-02-4.1,Policy Requirement,Employees must agree written performance objectives with their reporting manager within 30 days of joining.,Performance Management,Mandatory,Must Know,Medium,First 30 Days,POL-02,2.0,4.1,Knowledge Quiz,
ROLE-05,Finance Associate,POL-02-4.2,Policy Requirement,Employees should request informal feedback from their reporting manager every month.,Performance Management,Recommended,Recommended,Low,Week 1,POL-02,2.0,4.2,None,
ROLE-05,Finance Associate,POL-03-2.2,Policy Requirement,Employees must apply for annual leave at least 14 days in advance through the HR portal.,Annual Leave,Mandatory,Must Know,Medium,Week 1,POL-03,2.0,2.2,Knowledge Quiz,
ROLE-05,Finance Associate,POL-03-2.3,Policy Requirement,Employees must not take more than 10 consecutive working days of annual leave without Department Head approval.,Annual Leave,Mandatory,Must Know,Medium,Week 1,POL-03,2.0,2.3,Knowledge Quiz,
ROLE-05,Finance Associate,POL-03-2.4,Policy Requirement,Unused annual leave may be carried forward up to a maximum of 10 days.,Annual Leave,Optional,Optional,Low,Week 1,POL-03,2.0,2.4,None,
ROLE-05,Finance Associate,POL-03-3.1,Policy Requirement,Employees must inform their reporting manager before 10:00 AM on any day they cannot come to work due to sickness.,Sick Leave,Mandatory,Must Know,Medium,Week 1,POL-03,2.0,3.1,Knowledge Quiz,
ROLE-05,Finance Associate,POL-03-3.2,Policy Requirement,Sick leave of more than 2 consecutive days must be supported by a medical certificate.,Sick Leave,Mandatory,Must Know,Medium,Week 1,POL-03,2.0,3.2,Knowledge Quiz,
ROLE-05,Finance Associate,POL-03-6.1,Policy Requirement,"Employees may refer to the HR and Leave FAQ (FAQ-01) for common questions; where the FAQ differs from this policy, this policy prevails.",Related Guidance,Optional,Optional,Low,Week 1,POL-03,2.0,6.1,None,
ROLE-05,Finance Associate,POL-04-2.1,Policy Requirement,All employees must complete the Information Security Basics module within the first week of joining.,Security Awareness,Mandatory,Must Complete,High,Week 1,POL-04,2.0,2.1,Knowledge Quiz,
ROLE-05,Finance Associate,POL-04-2.2,Policy Requirement,All employees must sign the Acceptable Use acknowledgement on Day 1.,Security Awareness,Mandatory,Must Acknowledge,High,Day 1,POL-04,2.0,2.2,Signed Acknowledgement,
ROLE-05,Finance Associate,POL-04-2.3,Policy Requirement,Employees must report any suspected security incident to the IT Service Desk within 1 hour of noticing it.,Security Awareness,Mandatory,Must Know,High,Week 1,POL-04,2.0,2.3,Knowledge Quiz,
ROLE-05,Finance Associate,POL-04-3.1,Policy Requirement,"Passwords must be at least 12 characters long and include upper-case letters, numbers and symbols.",Passwords and Access,Mandatory,Must Know,High,Week 1,POL-04,2.0,3.1,Knowledge Quiz,
ROLE-05,Finance Associate,POL-04-3.2,Policy Requirement,Employees must change their passwords every 60 days.,Passwords and Access,Mandatory,Must Know,High,Week 1,POL-04,2.0,3.2,Knowledge Quiz,
ROLE-05,Finance Associate,POL-04-3.3,Policy Requirement,"Employees must not share their passwords or access cards with anyone, including colleagues and managers.",Passwords and Access,Mandatory,Must Know,High,Week 1,POL-04,2.0,3.3,Knowledge Quiz,
ROLE-05,Finance Associate,POL-04-3.4,Policy Requirement,Employees must enable multi-factor authentication on their email account within the first week of joining.,Passwords and Access,Mandatory,Must Complete,High,Week 1,POL-04,2.0,3.4,Knowledge Quiz,
ROLE-05,Finance Associate,POL-04-4.1,Policy Requirement,Personal USB drives and external storage devices must not be connected to bank computers.,Devices and Removable Media,Mandatory,Must Know,High,Week 1,POL-04,2.0,4.1,Knowledge Quiz,
ROLE-05,Finance Associate,POL-04-4.2,Policy Requirement,Employees must lock their screen whenever they leave their desk.,Devices and Removable Media,Mandatory,Must Know,High,Week 1,POL-04,2.0,4.2,Knowledge Quiz,
ROLE-05,Finance Associate,POL-04-4.3,Policy Requirement,Employees should store work files only on the approved network drive.,Devices and Removable Media,Recommended,Recommended,Low,Week 1,POL-04,2.0,4.3,None,
ROLE-05,Finance Associate,POL-04-5.1,Policy Requirement,Employees must report suspicious emails using the Report Phishing button in Outlook.,Email and Phishing,Mandatory,Must Know,High,Week 1,POL-04,2.0,5.1,Knowledge Quiz,
ROLE-05,Finance Associate,POL-04-5.2,Policy Requirement,Employees must not open attachments from unknown senders.,Email and Phishing,Mandatory,Must Know,High,Week 1,POL-04,2.0,5.2,Knowledge Quiz,
ROLE-05,Finance Associate,POL-05-2.1,Policy Requirement,Employees must treat customers and colleagues with respect and courtesy.,Professional Behaviour,Mandatory,Must Know,Medium,Week 1,POL-05,1.0,2.1,Knowledge Quiz,
ROLE-05,Finance Associate,POL-05-2.2,Policy Requirement,"Employees must not accept gifts worth more than PKR 5,000 from customers or vendors.",Professional Behaviour,Mandatory,Must Know,Medium,Week 1,POL-05,1.0,2.2,Knowledge Quiz,
ROLE-05,Finance Associate,POL-05-2.3,Policy Requirement,Employees must declare every gift received in the Gift Register within 3 working days.,Professional Behaviour,Mandatory,Must Acknowledge,Medium,Week 1,POL-05,1.0,2.3,Signed Acknowledgement,
ROLE-05,Finance Associate,POL-05-2.4,Policy Requirement,Employees must acknowledge the Code of Conduct on Day 1.,Professional Behaviour,Mandatory,Must Acknowledge,High,Day 1,POL-05,1.0,2.4,Signed Acknowledgement,
ROLE-05,Finance Associate,POL-05-3.1,Policy Requirement,Employees must not engage in any form of harassment or discrimination.,Harassment and Discrimination,Mandatory,Must Know,Medium,Week 1,POL-05,1.0,3.1,Knowledge Quiz,
ROLE-05,Finance Associate,POL-05-3.2,Policy Requirement,Employees should report harassment to HR or through the confidential helpline.,Harassment and Discrimination,Recommended,Recommended,Low,Week 1,POL-05,1.0,3.2,None,
ROLE-05,Finance Associate,POL-05-3.3,Policy Requirement,All employees must complete the Anti-Harassment Awareness module within 30 days of joining.,Harassment and Discrimination,Mandatory,Must Complete,Medium,First 30 Days,POL-05,1.0,3.3,Knowledge Quiz,
ROLE-05,Finance Associate,POL-05-4.1,Policy Requirement,Employees must declare any conflict of interest to HR within the first week of joining.,Conflict of Interest,Mandatory,Must Acknowledge,Medium,Week 1,POL-05,1.0,4.1,Signed Acknowledgement,
ROLE-05,Finance Associate,POL-05-4.2,Policy Requirement,Employees may undertake outside part-time work only with written approval from HR.,Conflict of Interest,Optional,Optional,Low,Week 1,POL-05,1.0,4.2,None,
ROLE-05,Finance Associate,POL-05-5.1,Policy Requirement,Employees must not post confidential bank information on social media.,Social Media,Mandatory,Must Know,Medium,Week 1,POL-05,1.0,5.1,Knowledge Quiz,
ROLE-05,Finance Associate,POL-06-2.1,Policy Requirement,Employees must access customer personal data only when it is required for their assigned duties.,Personal Data Handling,Mandatory,Must Know,High,Week 1,POL-06,2.0,2.1,Knowledge Quiz,
ROLE-05,Finance Associate,POL-06-2.2,Policy Requirement,Employees must complete the Data Privacy Essentials module within 14 days of joining.,Personal Data Handling,Mandatory,Must Complete,High,Week 2,POL-06,2.0,2.2,Knowledge Quiz,POL-04-2.1
ROLE-05,Finance Associate,POL-06-2.3,Policy Requirement,Customer data must not be sent to personal email addresses or messaging apps.,Personal Data Handling,Mandatory,Must Know,High,Week 1,POL-06,2.0,2.3,Knowledge Quiz,
ROLE-05,Finance Associate,POL-06-5.1,Policy Requirement,Any suspected data breach must be reported to the Compliance Officer within 2 hours.,Data Breach,Mandatory,Must Know,High,Week 1,POL-06,2.0,5.1,Knowledge Quiz,
ROLE-05,Finance Associate,POL-08-2.1,Policy Requirement,All employees must complete the Fraud Awareness module within 30 days of joining.,Fraud Awareness,Mandatory,Must Complete,High,First 30 Days,POL-08,1.0,2.1,Knowledge Quiz,
ROLE-05,Finance Associate,POL-08-2.2,Policy Requirement,Employees must report suspected fraud through the whistleblowing channel or to the Compliance Officer.,Fraud Awareness,Mandatory,Must Know,High,Week 1,POL-08,1.0,2.2,Knowledge Quiz,
ROLE-05,Finance Associate,POL-08-3.1,Policy Requirement,Employees may report concerns anonymously through the confidential hotline.,Whistleblowing,Optional,Optional,Low,Week 1,POL-08,1.0,3.1,None,
ROLE-05,Finance Associate,POL-08-3.2,Policy Requirement,Employees must not attempt to investigate suspected fraud on their own.,Whistleblowing,Mandatory,Must Know,High,Week 1,POL-08,1.0,3.2,Knowledge Quiz,
ROLE-05,Finance Associate,POL-08-4.1,Policy Requirement,The same employee must not both initiate and approve a payment.,Segregation of Duties,Mandatory,Must Know,High,Week 1,POL-08,1.0,4.1,Knowledge Quiz,
ROLE-05,Finance Associate,POL-08-4.2,Policy Requirement,Staff must use the maker-checker process for all payments and cash adjustments.,Segregation of Duties,Mandatory,Must Know,High,Week 1,POL-08,1.0,4.2,Knowledge Quiz,
ROLE-05,Finance Associate,PRC-01-2.1,Process Requirement,New joiners must report to the HR desk at 9:00 AM on Day 1.,Day 1,Mandatory,Must Know,High,Day 1,PRC-01,1.0,2.1,Knowledge Quiz,
ROLE-05,Finance Associate,PRC-01-2.3,Process Requirement,New joiners must attend the welcome orientation session on Day 1.,Day 1,Mandatory,Must Complete,High,Day 1,PRC-01,1.0,2.3,Knowledge Quiz,
ROLE-05,Finance Associate,PRC-01-3.1,Process Requirement,New joiners must complete the mandatory security and conduct modules within the first week of joining.,Week 1,Mandatory,Must Complete,Medium,Week 1,PRC-01,1.0,3.1,Knowledge Quiz,
ROLE-05,Finance Associate,PRC-01-3.2,Process Requirement,New joiners should meet at least three colleagues from other departments within the first week of joining.,Week 1,Recommended,Recommended,Low,Week 1,PRC-01,1.0,3.2,None,
ROLE-05,Finance Associate,PRC-01-4.1,Process Requirement,New joiners must complete their role-specific learning plan milestones within 30 days of joining.,First 30 Days,Mandatory,Must Complete,Medium,First 30 Days,PRC-01,1.0,4.1,Knowledge Quiz,
ROLE-05,Finance Associate,PRC-01-4.2,Process Requirement,New joiners must attend a check-in meeting with their reporting manager within 30 days of joining.,First 30 Days,Mandatory,Must Complete,Medium,First 30 Days,PRC-01,1.0,4.2,Knowledge Quiz,
ROLE-05,Finance Associate,PRC-01-5.1,Process Requirement,New joiners must complete all practical assessments within 60 days of joining.,First 60 and 90 Days,Mandatory,Must Complete,Medium,First 60 Days,PRC-01,1.0,5.1,Knowledge Quiz,
ROLE-05,Finance Associate,PRC-01-5.2,Process Requirement,New joiners must complete the final onboarding assessment within 90 days of joining.,First 60 and 90 Days,Mandatory,Must Complete,Medium,First 90 Days,PRC-01,1.0,5.2,Knowledge Quiz,
ROLE-05,Finance Associate,PRC-01-5.3,Process Requirement,New joiners may request a mentor from the HR team at any time during onboarding.,First 60 and 90 Days,Optional,Optional,Low,First 30 Days,PRC-01,1.0,5.3,None,
ROLE-05,Finance Associate,RD-01-5.2,Process Requirement,The Finance Associate must complete the core banking finance module within the first week of joining.,Finance Associate,Mandatory,Must Complete,Medium,Week 1,RD-01,1.0,5.2,Knowledge Quiz,
ROLE-05,Finance Associate,RD-01-5.3,Process Requirement,The Finance Associate should gain proficiency in advanced spreadsheet functions within 60 days of joining.,Finance Associate,Recommended,Recommended,Low,First 60 Days,RD-01,1.0,5.3,None,
ROLE-05,Finance Associate,SOP-05-2.1,Process Requirement,System access must be requested by the reporting manager through the IT Service Portal.,Access Requests,Mandatory,Must Know,Medium,Week 2,SOP-05,2.0,2.1,Knowledge Quiz,
ROLE-05,Finance Associate,SOP-05-2.3,Process Requirement,Employees must not use the account of another employee while waiting for their own access.,Access Requests,Mandatory,Must Know,Medium,Week 2,SOP-05,2.0,2.3,Knowledge Quiz,
ROLE-05,Finance Associate,SOP-05-3.1,Process Requirement,Employees must report IT incidents through the IT Service Portal or by calling extension 1100.,Incident Reporting,Mandatory,Must Know,Medium,Week 2,SOP-05,2.0,3.1,Knowledge Quiz,
ROLE-05,Finance Associate,SOP-05-3.2,Process Requirement,Employees should include screenshots of error messages when reporting an incident.,Incident Reporting,Recommended,Recommended,Low,Week 2,SOP-05,2.0,3.2,None,
ROLE-05,Finance Associate,SOP-06-2.1,Process Requirement,Employees must submit expense claims with original receipts within 30 days of incurring the expense.,Expense Claims,Mandatory,Must Complete,Medium,Week 2,SOP-06,1.0,2.1,Knowledge Quiz,
ROLE-05,Finance Associate,SOP-06-3.1,Process Requirement,Finance Associates must verify vendor details against the approved vendor master before processing any payment.,Payment Processing,Mandatory,Must Know,Medium,Week 2,SOP-06,1.0,3.1,Knowledge Quiz,
ROLE-05,Finance Associate,SOP-06-3.2,Process Requirement,Finance Associates must process approved vendor invoices within 7 working days.,Payment Processing,Mandatory,Must Know,Medium,Week 2,SOP-06,1.0,3.2,Knowledge Quiz,
ROLE-05,Finance Associate,SOP-06-3.3,Process Requirement,"Payments above PKR 1,000,000 must be approved by the Chief Financial Officer.",Payment Processing,Mandatory,Must Know,Medium,Week 2,SOP-06,1.0,3.3,Knowledge Quiz,
ROLE-05,Finance Associate,SOP-06-3.4,Process Requirement,Finance Associates must not process a payment to a vendor whose bank details changed in the last 5 days without call-back verification.,Payment Processing,Mandatory,Must Know,Medium,Week 2,SOP-06,1.0,3.4,Knowledge Quiz,
ROLE-05,Finance Associate,SOP-06-3.5,Process Requirement,Finance Associates must demonstrate a complete maker-checker payment cycle in the finance training system within 30 days of joining.,Payment Processing,Mandatory,Must Demonstrate,Medium,First 30 Days,SOP-06,1.0,3.5,Practical Assessment,POL-08-2.1
ROLE-05,Finance Associate,SOP-06-4.1,Process Requirement,Finance Associates must complete bank reconciliations by the 5th working day of each month.,Month-End Close,Mandatory,Must Complete,Medium,Week 2,SOP-06,1.0,4.1,Knowledge Quiz,
ROLE-05,Finance Associate,SOP-06-4.2,Process Requirement,Finance Associates should prepare variance explanations for differences above 5%.,Month-End Close,Recommended,Recommended,Low,Week 2,SOP-06,1.0,4.2,None,
ROLE-06,Operations Coordinator,CMP-01-2.1,Policy Requirement,All employees must complete Information Security Basics within the first week of joining.,Modules for All Employees,Mandatory,Must Complete,High,Week 1,CMP-01,2.0,2.1,Knowledge Quiz,
ROLE-06,Operations Coordinator,CMP-01-2.2,Policy Requirement,All employees must complete Data Privacy Essentials within 14 days of joining.,Modules for All Employees,Mandatory,Must Complete,High,Week 2,CMP-01,2.0,2.2,Knowledge Quiz,CMP-01-2.1
ROLE-06,Operations Coordinator,CMP-01-2.3,Policy Requirement,All employees must complete Fraud Awareness within 30 days of joining.,Modules for All Employees,Mandatory,Must Complete,High,First 30 Days,CMP-01,2.0,2.3,Knowledge Quiz,
ROLE-06,Operations Coordinator,CMP-01-2.4,Policy Requirement,All employees must complete Anti-Harassment Awareness within 30 days of joining.,Modules for All Employees,Mandatory,Must Complete,High,First 30 Days,CMP-01,2.0,2.4,Knowledge Quiz,
ROLE-06,Operations Coordinator,CMP-01-2.5,Policy Requirement,All employees must pass each mandatory module assessment with a minimum score of 70%.,Modules for All Employees,Mandatory,Must Complete,High,First 30 Days,CMP-01,2.0,2.5,Knowledge Quiz,
ROLE-06,Operations Coordinator,CMP-01-4.1,Policy Requirement,Information Security Basics must be completed before Data Privacy Essentials.,Prerequisites,Mandatory,Must Complete,High,First 30 Days,CMP-01,2.0,4.1,Knowledge Quiz,
ROLE-06,Operations Coordinator,CMP-01-4.2,Policy Requirement,Data Privacy Essentials must be completed before any customer-data access training.,Prerequisites,Mandatory,Must Complete,High,First 30 Days,CMP-01,2.0,4.2,Knowledge Quiz,
ROLE-06,Operations Coordinator,CMP-01-4.3,Policy Requirement,AML and KYC Fundamentals must be completed before the Account Opening practical assessment.,Prerequisites,Mandatory,Must Complete,High,First 30 Days,CMP-01,2.0,4.3,Knowledge Quiz,
ROLE-06,Operations Coordinator,CMP-01-4.4,Policy Requirement,The Complaint Handling module must be completed before the Escalation Procedure module.,Prerequisites,Mandatory,Must Complete,High,First 30 Days,CMP-01,2.0,4.4,Knowledge Quiz,
ROLE-06,Operations Coordinator,CMP-01-5.1,Policy Requirement,Employees must complete refresher training for all mandatory modules every 12 months.,Refresher Training,Mandatory,Must Complete,High,First 30 Days,CMP-01,2.0,5.1,Knowledge Quiz,
ROLE-06,Operations Coordinator,CMP-01-5.2,Policy Requirement,Employees who fail an assessment twice must be referred to their reporting manager for review.,Refresher Training,Mandatory,Must Know,High,First 30 Days,CMP-01,2.0,5.2,Knowledge Quiz,
ROLE-06,Operations Coordinator,FAQ-01-4.2,Process Requirement,You must keep your bank account details updated on the HR portal.,How do I get my payslip?,Mandatory,Must Know,Medium,Week 2,FAQ-01,1.0,4.2,Knowledge Quiz,
ROLE-06,Operations Coordinator,FAQ-01-6.1,Process Requirement,Work from home may be allowed for non-customer-facing roles with Department Head approval.,Can I work from home?,Optional,Optional,Low,Week 2,FAQ-01,1.0,6.1,None,
ROLE-06,Operations Coordinator,FAQ-01-7.1,Process Requirement,A medical certificate is required for sick leave of more than 2 consecutive days.,Do I need a medical certificate for sick leave?,Mandatory,Must Know,Medium,Week 2,FAQ-01,1.0,7.1,Knowledge Quiz,
ROLE-06,Operations Coordinator,FAQ-02-3.1,Process Requirement,You should reset it using the self-service portal or call extension 1100.,What if I forget my password?,Recommended,Recommended,Low,Week 2,FAQ-02,1.0,3.1,None,
ROLE-06,Operations Coordinator,FAQ-02-4.1,Process Requirement,You must use the Report Phishing button in Outlook.,How do I report a phishing email?,Mandatory,Must Know,Medium,Week 2,FAQ-02,1.0,4.1,Knowledge Quiz,
ROLE-06,Operations Coordinator,FAQ-02-6.1,Process Requirement,You must not install any software without IT approval.,Can I install software on my computer?,Mandatory,Must Know,Medium,Week 2,FAQ-02,1.0,6.1,Knowledge Quiz,
ROLE-06,Operations Coordinator,POL-01-2.1,Policy Requirement,Every new employee must sign the Employee Handbook acknowledgement form on Day 1.,Joining Formalities,Mandatory,Must Acknowledge,High,Day 1,POL-01,1.0,2.1,Signed Acknowledgement,
ROLE-06,Operations Coordinator,POL-01-2.2,Policy Requirement,New employees must submit copies of their educational certificates to HR within the first week of joining.,Joining Formalities,Mandatory,Must Complete,Medium,Week 1,POL-01,1.0,2.2,Knowledge Quiz,
ROLE-06,Operations Coordinator,POL-01-2.3,Policy Requirement,New employees must collect their employee ID card from the HR desk on Day 1.,Joining Formalities,Mandatory,Must Complete,High,Day 1,POL-01,1.0,2.3,Knowledge Quiz,
ROLE-06,Operations Coordinator,POL-01-2.4,Policy Requirement,New employees should meet their reporting manager within the first week of joining to agree on role expectations.,Joining Formalities,Recommended,Recommended,Low,Week 1,POL-01,1.0,2.4,None,
ROLE-06,Operations Coordinator,POL-01-3.2,Policy Requirement,Employees must record attendance using the biometric system at the start and end of each working day.,Working Hours and Attendance,Mandatory,Must Know,Medium,Week 1,POL-01,1.0,3.2,Knowledge Quiz,
ROLE-06,Operations Coordinator,POL-01-3.3,Policy Requirement,Employees may request flexible timing with written approval from their reporting manager.,Working Hours and Attendance,Optional,Optional,Low,Week 1,POL-01,1.0,3.3,None,
ROLE-06,Operations Coordinator,POL-01-4.1,Policy Requirement,Employees must follow the business formal dress code on all customer-facing days.,Dress Code,Mandatory,Must Know,Medium,Week 1,POL-01,1.0,4.1,Knowledge Quiz,
ROLE-06,Operations Coordinator,POL-01-4.2,Policy Requirement,Employees should refer to the Workplace Conduct Policy (POL-05) for detailed behavioural standards.,Dress Code,Recommended,Recommended,Low,Week 1,POL-01,1.0,4.2,None,
ROLE-06,Operations Coordinator,POL-01-5.1,Policy Requirement,Employees must use bank equipment only for official purposes.,Use of Bank Resources,Mandatory,Must Know,Medium,Week 1,POL-01,1.0,5.1,Knowledge Quiz,
ROLE-06,Operations Coordinator,POL-01-5.2,Policy Requirement,Employees may use the staff cafeteria and prayer rooms during scheduled breaks.,Use of Bank Resources,Optional,Optional,Low,Week 1,POL-01,1.0,5.2,None,
ROLE-06,Operations Coordinator,POL-01-5.3,Policy Requirement,Employees must return all bank property on their last working day.,Use of Bank Resources,Mandatory,Must Know,Medium,Week 1,POL-01,1.0,5.3,Knowledge Quiz,
ROLE-06,Operations Coordinator,POL-02-2.2,Policy Requirement,Employees must complete all mandatory onboarding modules before the end of probation.,Probation,Mandatory,Must Complete,Medium,First 90 Days,POL-02,2.0,2.2,Knowledge Quiz,
ROLE-06,Operations Coordinator,POL-02-2.4,Policy Requirement,Employees must complete a probation review meeting with their reporting manager within 90 days of joining.,Probation,Mandatory,Must Complete,Medium,First 90 Days,POL-02,2.0,2.4,Knowledge Quiz,
ROLE-06,Operations Coordinator,POL-02-3.2,Policy Requirement,Employees must obtain prior approval from their reporting manager for any overtime.,Working Hours,Mandatory,Must Know,Medium,Week 1,POL-02,2.0,3.2,Knowledge Quiz,
ROLE-06,Operations Coordinator,POL-02-4.1,Policy Requirement,Employees must agree written performance objectives with their reporting manager within 30 days of joining.,Performance Management,Mandatory,Must Know,Medium,First 30 Days,POL-02,2.0,4.1,Knowledge Quiz,
ROLE-06,Operations Coordinator,POL-02-4.2,Policy Requirement,Employees should request informal feedback from their reporting manager every month.,Performance Management,Recommended,Recommended,Low,Week 1,POL-02,2.0,4.2,None,
ROLE-06,Operations Coordinator,POL-03-2.2,Policy Requirement,Employees must apply for annual leave at least 14 days in advance through the HR portal.,Annual Leave,Mandatory,Must Know,Medium,Week 1,POL-03,2.0,2.2,Knowledge Quiz,
ROLE-06,Operations Coordinator,POL-03-2.3,Policy Requirement,Employees must not take more than 10 consecutive working days of annual leave without Department Head approval.,Annual Leave,Mandatory,Must Know,Medium,Week 1,POL-03,2.0,2.3,Knowledge Quiz,
ROLE-06,Operations Coordinator,POL-03-2.4,Policy Requirement,Unused annual leave may be carried forward up to a maximum of 10 days.,Annual Leave,Optional,Optional,Low,Week 1,POL-03,2.0,2.4,None,
ROLE-06,Operations Coordinator,POL-03-3.1,Policy Requirement,Employees must inform their reporting manager before 10:00 AM on any day they cannot come to work due to sickness.,Sick Leave,Mandatory,Must Know,Medium,Week 1,POL-03,2.0,3.1,Knowledge Quiz,
ROLE-06,Operations Coordinator,POL-03-3.2,Policy Requirement,Sick leave of more than 2 consecutive days must be supported by a medical certificate.,Sick Leave,Mandatory,Must Know,Medium,Week 1,POL-03,2.0,3.2,Knowledge Quiz,
ROLE-06,Operations Coordinator,POL-03-4.1,Policy Requirement,Staff in these roles must take at least 5 consecutive working days of leave each year as a fraud-control measure.,Mandatory Leave,Mandatory,Must Know,Medium,Week 1,POL-03,2.0,4.1,Knowledge Quiz,
ROLE-06,Operations Coordinator,POL-03-4.2,Policy Requirement,"During mandatory leave, the duties of the employee must be performed by another authorised staff member.",Mandatory Leave,Mandatory,Must Know,Medium,Week 1,POL-03,2.0,4.2,Knowledge Quiz,
ROLE-06,Operations Coordinator,POL-03-6.1,Policy Requirement,"Employees may refer to the HR and Leave FAQ (FAQ-01) for common questions; where the FAQ differs from this policy, this policy prevails.",Related Guidance,Optional,Optional,Low,Week 1,POL-03,2.0,6.1,None,
ROLE-06,Operations Coordinator,POL-04-2.1,Policy Requirement,All employees must complete the Information Security Basics module within the first week of joining.,Security Awareness,Mandatory,Must Complete,High,Week 1,POL-04,2.0,2.1,Knowledge Quiz,
ROLE-06,Operations Coordinator,POL-04-2.2,Policy Requirement,All employees must sign the Acceptable Use acknowledgement on Day 1.,Security Awareness,Mandatory,Must Acknowledge,High,Day 1,POL-04,2.0,2.2,Signed Acknowledgement,
ROLE-06,Operations Coordinator,POL-04-2.3,Policy Requirement,Employees must report any suspected security incident to the IT Service Desk within 1 hour of noticing it.,Security Awareness,Mandatory,Must Know,High,Week 1,POL-04,2.0,2.3,Knowledge Quiz,
ROLE-06,Operations Coordinator,POL-04-3.1,Policy Requirement,"Passwords must be at least 12 characters long and include upper-case letters, numbers and symbols.",Passwords and Access,Mandatory,Must Know,High,Week 1,POL-04,2.0,3.1,Knowledge Quiz,
ROLE-06,Operations Coordinator,POL-04-3.2,Policy Requirement,Employees must change their passwords every 60 days.,Passwords and Access,Mandatory,Must Know,High,Week 1,POL-04,2.0,3.2,Knowledge Quiz,
ROLE-06,Operations Coordinator,POL-04-3.3,Policy Requirement,"Employees must not share their passwords or access cards with anyone, including colleagues and managers.",Passwords and Access,Mandatory,Must Know,High,Week 1,POL-04,2.0,3.3,Knowledge Quiz,
ROLE-06,Operations Coordinator,POL-04-3.4,Policy Requirement,Employees must enable multi-factor authentication on their email account within the first week of joining.,Passwords and Access,Mandatory,Must Complete,High,Week 1,POL-04,2.0,3.4,Knowledge Quiz,
ROLE-06,Operations Coordinator,POL-04-4.1,Policy Requirement,Personal USB drives and external storage devices must not be connected to bank computers.,Devices and Removable Media,Mandatory,Must Know,High,Week 1,POL-04,2.0,4.1,Knowledge Quiz,
ROLE-06,Operations Coordinator,POL-04-4.2,Policy Requirement,Employees must lock their screen whenever they leave their desk.,Devices and Removable Media,Mandatory,Must Know,High,Week 1,POL-04,2.0,4.2,Knowledge Quiz,
ROLE-06,Operations Coordinator,POL-04-4.3,Policy Requirement,Employees should store work files only on the approved network drive.,Devices and Removable Media,Recommended,Recommended,Low,Week 1,POL-04,2.0,4.3,None,
ROLE-06,Operations Coordinator,POL-04-5.1,Policy Requirement,Employees must report suspicious emails using the Report Phishing button in Outlook.,Email and Phishing,Mandatory,Must Know,High,Week 1,POL-04,2.0,5.1,Knowledge Quiz,
ROLE-06,Operations Coordinator,POL-04-5.2,Policy Requirement,Employees must not open attachments from unknown senders.,Email and Phishing,Mandatory,Must Know,High,Week 1,POL-04,2.0,5.2,Knowledge Quiz,
ROLE-06,Operations Coordinator,POL-05-2.1,Policy Requirement,Employees must treat customers and colleagues with respect and courtesy.,Professional Behaviour,Mandatory,Must Know,Medium,Week 1,POL-05,1.0,2.1,Knowledge Quiz,
ROLE-06,Operations Coordinator,POL-05-2.2,Policy Requirement,"Employees must not accept gifts worth more than PKR 5,000 from customers or vendors.",Professional Behaviour,Mandatory,Must Know,Medium,Week 1,POL-05,1.0,2.2,Knowledge Quiz,
ROLE-06,Operations Coordinator,POL-05-2.3,Policy Requirement,Employees must declare every gift received in the Gift Register within 3 working days.,Professional Behaviour,Mandatory,Must Acknowledge,Medium,Week 1,POL-05,1.0,2.3,Signed Acknowledgement,
ROLE-06,Operations Coordinator,POL-05-2.4,Policy Requirement,Employees must acknowledge the Code of Conduct on Day 1.,Professional Behaviour,Mandatory,Must Acknowledge,High,Day 1,POL-05,1.0,2.4,Signed Acknowledgement,
ROLE-06,Operations Coordinator,POL-05-3.1,Policy Requirement,Employees must not engage in any form of harassment or discrimination.,Harassment and Discrimination,Mandatory,Must Know,Medium,Week 1,POL-05,1.0,3.1,Knowledge Quiz,
ROLE-06,Operations Coordinator,POL-05-3.2,Policy Requirement,Employees should report harassment to HR or through the confidential helpline.,Harassment and Discrimination,Recommended,Recommended,Low,Week 1,POL-05,1.0,3.2,None,
ROLE-06,Operations Coordinator,POL-05-3.3,Policy Requirement,All employees must complete the Anti-Harassment Awareness module within 30 days of joining.,Harassment and Discrimination,Mandatory,Must Complete,Medium,First 30 Days,POL-05,1.0,3.3,Knowledge Quiz,
ROLE-06,Operations Coordinator,POL-05-4.1,Policy Requirement,Employees must declare any conflict of interest to HR within the first week of joining.,Conflict of Interest,Mandatory,Must Acknowledge,Medium,Week 1,POL-05,1.0,4.1,Signed Acknowledgement,
ROLE-06,Operations Coordinator,POL-05-4.2,Policy Requirement,Employees may undertake outside part-time work only with written approval from HR.,Conflict of Interest,Optional,Optional,Low,Week 1,POL-05,1.0,4.2,None,
ROLE-06,Operations Coordinator,POL-05-5.1,Policy Requirement,Employees must not post confidential bank information on social media.,Social Media,Mandatory,Must Know,Medium,Week 1,POL-05,1.0,5.1,Knowledge Quiz,
ROLE-06,Operations Coordinator,POL-06-2.1,Policy Requirement,Employees must access customer personal data only when it is required for their assigned duties.,Personal Data Handling,Mandatory,Must Know,High,Week 1,POL-06,2.0,2.1,Knowledge Quiz,
ROLE-06,Operations Coordinator,POL-06-2.2,Policy Requirement,Employees must complete the Data Privacy Essentials module within 14 days of joining.,Personal Data Handling,Mandatory,Must Complete,High,Week 2,POL-06,2.0,2.2,Knowledge Quiz,POL-04-2.1
ROLE-06,Operations Coordinator,POL-06-2.3,Policy Requirement,Customer data must not be sent to personal email addresses or messaging apps.,Personal Data Handling,Mandatory,Must Know,High,Week 1,POL-06,2.0,2.3,Knowledge Quiz,
ROLE-06,Operations Coordinator,POL-06-4.1,Policy Requirement,Customer transaction records must be retained for 10 years from the date of account closure.,Data Retention,Mandatory,Must Know,High,Week 1,POL-06,2.0,4.1,Knowledge Quiz,
ROLE-06,Operations Coordinator,POL-06-4.2,Policy Requirement,Records past their retention period must be destroyed using the approved secure disposal process.,Data Retention,Mandatory,Must Know,High,Week 1,POL-06,2.0,4.2,Knowledge Quiz,
ROLE-06,Operations Coordinator,POL-06-5.1,Policy Requirement,Any suspected data breach must be reported to the Compliance Officer within 2 hours.,Data Breach,Mandatory,Must Know,High,Week 1,POL-06,2.0,5.1,Knowledge Quiz,
ROLE-06,Operations Coordinator,POL-07-2.1,Policy Requirement,Staff in scope must complete the AML and KYC Fundamentals module within 14 days of joining.,AML Training,Mandatory,Must Complete,High,Week 2,POL-07,2.0,2.1,Knowledge Quiz,
ROLE-06,Operations Coordinator,POL-07-2.2,Policy Requirement,Staff in scope must pass the AML assessment with a minimum score of 80%.,AML Training,Mandatory,Must Complete,High,Week 1,POL-07,2.0,2.2,Knowledge Quiz,
ROLE-06,Operations Coordinator,POL-07-4.1,Policy Requirement,Staff must report any suspicious transaction to the Compliance Officer on the same working day.,Suspicious Activity,Mandatory,Must Know,High,Week 1,POL-07,2.0,4.1,Knowledge Quiz,
ROLE-06,Operations Coordinator,POL-07-4.2,Policy Requirement,Staff must not inform the customer that a suspicious activity report has been filed.,Suspicious Activity,Mandatory,Must Know,High,Week 1,POL-07,2.0,4.2,Knowledge Quiz,
ROLE-06,Operations Coordinator,POL-08-2.1,Policy Requirement,All employees must complete the Fraud Awareness module within 30 days of joining.,Fraud Awareness,Mandatory,Must Complete,High,First 30 Days,POL-08,1.0,2.1,Knowledge Quiz,
ROLE-06,Operations Coordinator,POL-08-2.2,Policy Requirement,Employees must report suspected fraud through the whistleblowing channel or to the Compliance Officer.,Fraud Awareness,Mandatory,Must Know,High,Week 1,POL-08,1.0,2.2,Knowledge Quiz,
ROLE-06,Operations Coordinator,POL-08-3.1,Policy Requirement,Employees may report concerns anonymously through the confidential hotline.,Whistleblowing,Optional,Optional,Low,Week 1,POL-08,1.0,3.1,None,
ROLE-06,Operations Coordinator,POL-08-3.2,Policy Requirement,Employees must not attempt to investigate suspected fraud on their own.,Whistleblowing,Mandatory,Must Know,High,Week 1,POL-08,1.0,3.2,Knowledge Quiz,
ROLE-06,Operations Coordinator,POL-08-4.1,Policy Requirement,The same employee must not both initiate and approve a payment.,Segregation of Duties,Mandatory,Must Know,High,Week 1,POL-08,1.0,4.1,Knowledge Quiz,
ROLE-06,Operations Coordinator,POL-08-4.2,Policy Requirement,Staff must use the maker-checker process for all payments and cash adjustments.,Segregation of Duties,Mandatory,Must Know,High,Week 1,POL-08,1.0,4.2,Knowledge Quiz,
ROLE-06,Operations Coordinator,PRC-01-2.1,Process Requirement,New joiners must report to the HR desk at 9:00 AM on Day 1.,Day 1,Mandatory,Must Know,High,Day 1,PRC-01,1.0,2.1,Knowledge Quiz,
ROLE-06,Operations Coordinator,PRC-01-2.3,Process Requirement,New joiners must attend the welcome orientation session on Day 1.,Day 1,Mandatory,Must Complete,High,Day 1,PRC-01,1.0,2.3,Knowledge Quiz,
ROLE-06,Operations Coordinator,PRC-01-3.1,Process Requirement,New joiners must complete the mandatory security and conduct modules within the first week of joining.,Week 1,Mandatory,Must Complete,Medium,Week 1,PRC-01,1.0,3.1,Knowledge Quiz,
ROLE-06,Operations Coordinator,PRC-01-3.2,Process Requirement,New joiners should meet at least three colleagues from other departments within the first week of joining.,Week 1,Recommended,Recommended,Low,Week 1,PRC-01,1.0,3.2,None,
ROLE-06,Operations Coordinator,PRC-01-4.1,Process Requirement,New joiners must complete their role-specific learning plan milestones within 30 days of joining.,First 30 Days,Mandatory,Must Complete,Medium,First 30 Days,PRC-01,1.0,4.1,Knowledge Quiz,
ROLE-06,Operations Coordinator,PRC-01-4.2,Process Requirement,New joiners must attend a check-in meeting with their reporting manager within 30 days of joining.,First 30 Days,Mandatory,Must Complete,Medium,First 30 Days,PRC-01,1.0,4.2,Knowledge Quiz,
ROLE-06,Operations Coordinator,PRC-01-5.1,Process Requirement,New joiners must complete all practical assessments within 60 days of joining.,First 60 and 90 Days,Mandatory,Must Complete,Medium,First 60 Days,PRC-01,1.0,5.1,Knowledge Quiz,
ROLE-06,Operations Coordinator,PRC-01-5.2,Process Requirement,New joiners must complete the final onboarding assessment within 90 days of joining.,First 60 and 90 Days,Mandatory,Must Complete,Medium,First 90 Days,PRC-01,1.0,5.2,Knowledge Quiz,
ROLE-06,Operations Coordinator,PRC-01-5.3,Process Requirement,New joiners may request a mentor from the HR team at any time during onboarding.,First 60 and 90 Days,Optional,Optional,Low,First 30 Days,PRC-01,1.0,5.3,None,
ROLE-06,Operations Coordinator,RD-01-6.2,Process Requirement,The Operations Coordinator must monitor daily end-of-day processing and report exceptions.,Operations Coordinator,Mandatory,Must Know,Medium,Week 2,RD-01,1.0,6.2,Knowledge Quiz,
ROLE-06,Operations Coordinator,RD-01-6.3,Process Requirement,The Operations Coordinator must complete the Business Continuity Plan training within 60 days of joining.,Operations Coordinator,Mandatory,Must Complete,Medium,First 60 Days,RD-01,1.0,6.3,Knowledge Quiz,
ROLE-06,Operations Coordinator,SOP-02-2.2,Process Requirement,Unresolved customer complaints must be escalated to the Branch Manager within 24 hours.,Escalation Levels,Mandatory,Must Know,Medium,Week 2,SOP-02,2.0,2.2,Knowledge Quiz,
ROLE-06,Operations Coordinator,SOP-02-2.3,Process Requirement,Issues unresolved at branch level must be escalated to the Regional Office within 3 working days.,Escalation Levels,Mandatory,Must Know,Medium,Week 2,SOP-02,2.0,2.3,Knowledge Quiz,
ROLE-06,Operations Coordinator,SOP-02-2.4,Process Requirement,Every escalation must be recorded in the CMS together with the reason for escalation.,Escalation Levels,Mandatory,Must Know,Medium,Week 2,SOP-02,2.0,2.4,Knowledge Quiz,
ROLE-06,Operations Coordinator,SOP-02-3.1,Process Requirement,Operations Coordinators must escalate system outages affecting customers to IT Support within 15 minutes.,Operational Incidents,Mandatory,Must Know,Medium,Week 2,SOP-02,2.0,3.1,Knowledge Quiz,
ROLE-06,Operations Coordinator,SOP-02-3.2,Process Requirement,Team Leaders must inform the Branch Manager of any incident affecting more than 10 customers.,Operational Incidents,Mandatory,Must Know,Medium,Week 2,SOP-02,2.0,3.2,Knowledge Quiz,
ROLE-06,Operations Coordinator,SOP-02-3.3,Process Requirement,Team Leaders should hold a short debrief with the team after every major incident.,Operational Incidents,Recommended,Recommended,Low,Week 2,SOP-02,2.0,3.3,None,
ROLE-06,Operations Coordinator,SOP-02-4.1,Process Requirement,Staff in scope must complete the Escalation Procedure module within 14 days of joining.,Training,Mandatory,Must Complete,Medium,Week 2,SOP-02,2.0,4.1,Knowledge Quiz,SOP-01-3.4
ROLE-06,Operations Coordinator,SOP-02-4.2,Process Requirement,Staff in scope must demonstrate the escalation workflow in a role-play scenario within 30 days of joining.,Training,Mandatory,Must Demonstrate,Medium,First 30 Days,SOP-02,2.0,4.2,Practical Assessment,
ROLE-06,Operations Coordinator,SOP-04-3.1,Process Requirement,The vault must be opened only under dual control by two authorised staff members.,Vault Control,Mandatory,Must Know,Medium,Week 2,SOP-04,2.0,3.1,Knowledge Quiz,
ROLE-06,Operations Coordinator,SOP-04-3.2,Process Requirement,Vault keys and combination codes must be held by different people.,Vault Control,Mandatory,Must Know,Medium,Week 2,SOP-04,2.0,3.2,Knowledge Quiz,
ROLE-06,Operations Coordinator,SOP-04-3.3,Process Requirement,Operations Coordinators must reconcile the vault balance with the core banking system daily.,Vault Control,Mandatory,Must Know,Medium,Week 2,SOP-04,2.0,3.3,Knowledge Quiz,
ROLE-06,Operations Coordinator,SOP-04-6.1,Process Requirement,Staff in scope must demonstrate the cash drawer balancing procedure under supervision within the first week of joining.,Training,Mandatory,Must Demonstrate,Medium,Week 1,SOP-04,2.0,6.1,Practical Assessment,
ROLE-06,Operations Coordinator,SOP-05-2.1,Process Requirement,System access must be requested by the reporting manager through the IT Service Portal.,Access Requests,Mandatory,Must Know,Medium,Week 2,SOP-05,2.0,2.1,Knowledge Quiz,
ROLE-06,Operations Coordinator,SOP-05-2.3,Process Requirement,Employees must not use the account of another employee while waiting for their own access.,Access Requests,Mandatory,Must Know,Medium,Week 2,SOP-05,2.0,2.3,Knowledge Quiz,
ROLE-06,Operations Coordinator,SOP-05-3.1,Process Requirement,Employees must report IT incidents through the IT Service Portal or by calling extension 1100.,Incident Reporting,Mandatory,Must Know,Medium,Week 2,SOP-05,2.0,3.1,Knowledge Quiz,
ROLE-06,Operations Coordinator,SOP-05-3.2,Process Requirement,Employees should include screenshots of error messages when reporting an incident.,Incident Reporting,Recommended,Recommended,Low,Week 2,SOP-05,2.0,3.2,None,
ROLE-06,Operations Coordinator,SOP-06-2.1,Process Requirement,Employees must submit expense claims with original receipts within 30 days of incurring the expense.,Expense Claims,Mandatory,Must Complete,Medium,Week 2,SOP-06,1.0,2.1,Knowledge Quiz,
ROLE-07,IT Support Engineer,CMP-01-2.1,Policy Requirement,All employees must complete Information Security Basics within the first week of joining.,Modules for All Employees,Mandatory,Must Complete,High,Week 1,CMP-01,2.0,2.1,Knowledge Quiz,
ROLE-07,IT Support Engineer,CMP-01-2.2,Policy Requirement,All employees must complete Data Privacy Essentials within 14 days of joining.,Modules for All Employees,Mandatory,Must Complete,High,Week 2,CMP-01,2.0,2.2,Knowledge Quiz,CMP-01-2.1
ROLE-07,IT Support Engineer,CMP-01-2.3,Policy Requirement,All employees must complete Fraud Awareness within 30 days of joining.,Modules for All Employees,Mandatory,Must Complete,High,First 30 Days,CMP-01,2.0,2.3,Knowledge Quiz,
ROLE-07,IT Support Engineer,CMP-01-2.4,Policy Requirement,All employees must complete Anti-Harassment Awareness within 30 days of joining.,Modules for All Employees,Mandatory,Must Complete,High,First 30 Days,CMP-01,2.0,2.4,Knowledge Quiz,
ROLE-07,IT Support Engineer,CMP-01-2.5,Policy Requirement,All employees must pass each mandatory module assessment with a minimum score of 70%.,Modules for All Employees,Mandatory,Must Complete,High,First 30 Days,CMP-01,2.0,2.5,Knowledge Quiz,
ROLE-07,IT Support Engineer,CMP-01-4.1,Policy Requirement,Information Security Basics must be completed before Data Privacy Essentials.,Prerequisites,Mandatory,Must Complete,High,First 30 Days,CMP-01,2.0,4.1,Knowledge Quiz,
ROLE-07,IT Support Engineer,CMP-01-4.2,Policy Requirement,Data Privacy Essentials must be completed before any customer-data access training.,Prerequisites,Mandatory,Must Complete,High,First 30 Days,CMP-01,2.0,4.2,Knowledge Quiz,
ROLE-07,IT Support Engineer,CMP-01-4.3,Policy Requirement,AML and KYC Fundamentals must be completed before the Account Opening practical assessment.,Prerequisites,Mandatory,Must Complete,High,First 30 Days,CMP-01,2.0,4.3,Knowledge Quiz,
ROLE-07,IT Support Engineer,CMP-01-4.4,Policy Requirement,The Complaint Handling module must be completed before the Escalation Procedure module.,Prerequisites,Mandatory,Must Complete,High,First 30 Days,CMP-01,2.0,4.4,Knowledge Quiz,
ROLE-07,IT Support Engineer,CMP-01-5.1,Policy Requirement,Employees must complete refresher training for all mandatory modules every 12 months.,Refresher Training,Mandatory,Must Complete,High,First 30 Days,CMP-01,2.0,5.1,Knowledge Quiz,
ROLE-07,IT Support Engineer,CMP-01-5.2,Policy Requirement,Employees who fail an assessment twice must be referred to their reporting manager for review.,Refresher Training,Mandatory,Must Know,High,First 30 Days,CMP-01,2.0,5.2,Knowledge Quiz,
ROLE-07,IT Support Engineer,FAQ-01-4.2,Process Requirement,You must keep your bank account details updated on the HR portal.,How do I get my payslip?,Mandatory,Must Know,Medium,Week 2,FAQ-01,1.0,4.2,Knowledge Quiz,
ROLE-07,IT Support Engineer,FAQ-01-6.1,Process Requirement,Work from home may be allowed for non-customer-facing roles with Department Head approval.,Can I work from home?,Optional,Optional,Low,Week 2,FAQ-01,1.0,6.1,None,
ROLE-07,IT Support Engineer,FAQ-01-7.1,Process Requirement,A medical certificate is required for sick leave of more than 2 consecutive days.,Do I need a medical certificate for sick leave?,Mandatory,Must Know,Medium,Week 2,FAQ-01,1.0,7.1,Knowledge Quiz,
ROLE-07,IT Support Engineer,FAQ-02-3.1,Process Requirement,You should reset it using the self-service portal or call extension 1100.,What if I forget my password?,Recommended,Recommended,Low,Week 2,FAQ-02,1.0,3.1,None,
ROLE-07,IT Support Engineer,FAQ-02-4.1,Process Requirement,You must use the Report Phishing button in Outlook.,How do I report a phishing email?,Mandatory,Must Know,Medium,Week 2,FAQ-02,1.0,4.1,Knowledge Quiz,
ROLE-07,IT Support Engineer,FAQ-02-6.1,Process Requirement,You must not install any software without IT approval.,Can I install software on my computer?,Mandatory,Must Know,Medium,Week 2,FAQ-02,1.0,6.1,Knowledge Quiz,
ROLE-07,IT Support Engineer,POL-01-2.1,Policy Requirement,Every new employee must sign the Employee Handbook acknowledgement form on Day 1.,Joining Formalities,Mandatory,Must Acknowledge,High,Day 1,POL-01,1.0,2.1,Signed Acknowledgement,
ROLE-07,IT Support Engineer,POL-01-2.2,Policy Requirement,New employees must submit copies of their educational certificates to HR within the first week of joining.,Joining Formalities,Mandatory,Must Complete,Medium,Week 1,POL-01,1.0,2.2,Knowledge Quiz,
ROLE-07,IT Support Engineer,POL-01-2.3,Policy Requirement,New employees must collect their employee ID card from the HR desk on Day 1.,Joining Formalities,Mandatory,Must Complete,High,Day 1,POL-01,1.0,2.3,Knowledge Quiz,
ROLE-07,IT Support Engineer,POL-01-2.4,Policy Requirement,New employees should meet their reporting manager within the first week of joining to agree on role expectations.,Joining Formalities,Recommended,Recommended,Low,Week 1,POL-01,1.0,2.4,None,
ROLE-07,IT Support Engineer,POL-01-3.2,Policy Requirement,Employees must record attendance using the biometric system at the start and end of each working day.,Working Hours and Attendance,Mandatory,Must Know,Medium,Week 1,POL-01,1.0,3.2,Knowledge Quiz,
ROLE-07,IT Support Engineer,POL-01-3.3,Policy Requirement,Employees may request flexible timing with written approval from their reporting manager.,Working Hours and Attendance,Optional,Optional,Low,Week 1,POL-01,1.0,3.3,None,
ROLE-07,IT Support Engineer,POL-01-4.1,Policy Requirement,Employees must follow the business formal dress code on all customer-facing days.,Dress Code,Mandatory,Must Know,Medium,Week 1,POL-01,1.0,4.1,Knowledge Quiz,
ROLE-07,IT Support Engineer,POL-01-4.2,Policy Requirement,Employees should refer to the Workplace Conduct Policy (POL-05) for detailed behavioural standards.,Dress Code,Recommended,Recommended,Low,Week 1,POL-01,1.0,4.2,None,
ROLE-07,IT Support Engineer,POL-01-5.1,Policy Requirement,Employees must use bank equipment only for official purposes.,Use of Bank Resources,Mandatory,Must Know,Medium,Week 1,POL-01,1.0,5.1,Knowledge Quiz,
ROLE-07,IT Support Engineer,POL-01-5.2,Policy Requirement,Employees may use the staff cafeteria and prayer rooms during scheduled breaks.,Use of Bank Resources,Optional,Optional,Low,Week 1,POL-01,1.0,5.2,None,
ROLE-07,IT Support Engineer,POL-01-5.3,Policy Requirement,Employees must return all bank property on their last working day.,Use of Bank Resources,Mandatory,Must Know,Medium,Week 1,POL-01,1.0,5.3,Knowledge Quiz,
ROLE-07,IT Support Engineer,POL-02-2.2,Policy Requirement,Employees must complete all mandatory onboarding modules before the end of probation.,Probation,Mandatory,Must Complete,Medium,First 90 Days,POL-02,2.0,2.2,Knowledge Quiz,
ROLE-07,IT Support Engineer,POL-02-2.4,Policy Requirement,Employees must complete a probation review meeting with their reporting manager within 90 days of joining.,Probation,Mandatory,Must Complete,Medium,First 90 Days,POL-02,2.0,2.4,Knowledge Quiz,
ROLE-07,IT Support Engineer,POL-02-3.2,Policy Requirement,Employees must obtain prior approval from their reporting manager for any overtime.,Working Hours,Mandatory,Must Know,Medium,Week 1,POL-02,2.0,3.2,Knowledge Quiz,
ROLE-07,IT Support Engineer,POL-02-4.1,Policy Requirement,Employees must agree written performance objectives with their reporting manager within 30 days of joining.,Performance Management,Mandatory,Must Know,Medium,First 30 Days,POL-02,2.0,4.1,Knowledge Quiz,
ROLE-07,IT Support Engineer,POL-02-4.2,Policy Requirement,Employees should request informal feedback from their reporting manager every month.,Performance Management,Recommended,Recommended,Low,Week 1,POL-02,2.0,4.2,None,
ROLE-07,IT Support Engineer,POL-03-2.2,Policy Requirement,Employees must apply for annual leave at least 14 days in advance through the HR portal.,Annual Leave,Mandatory,Must Know,Medium,Week 1,POL-03,2.0,2.2,Knowledge Quiz,
ROLE-07,IT Support Engineer,POL-03-2.3,Policy Requirement,Employees must not take more than 10 consecutive working days of annual leave without Department Head approval.,Annual Leave,Mandatory,Must Know,Medium,Week 1,POL-03,2.0,2.3,Knowledge Quiz,
ROLE-07,IT Support Engineer,POL-03-2.4,Policy Requirement,Unused annual leave may be carried forward up to a maximum of 10 days.,Annual Leave,Optional,Optional,Low,Week 1,POL-03,2.0,2.4,None,
ROLE-07,IT Support Engineer,POL-03-3.1,Policy Requirement,Employees must inform their reporting manager before 10:00 AM on any day they cannot come to work due to sickness.,Sick Leave,Mandatory,Must Know,Medium,Week 1,POL-03,2.0,3.1,Knowledge Quiz,
ROLE-07,IT Support Engineer,POL-03-3.2,Policy Requirement,Sick leave of more than 2 consecutive days must be supported by a medical certificate.,Sick Leave,Mandatory,Must Know,Medium,Week 1,POL-03,2.0,3.2,Knowledge Quiz,
ROLE-07,IT Support Engineer,POL-03-6.1,Policy Requirement,"Employees may refer to the HR and Leave FAQ (FAQ-01) for common questions; where the FAQ differs from this policy, this policy prevails.",Related Guidance,Optional,Optional,Low,Week 1,POL-03,2.0,6.1,None,
ROLE-07,IT Support Engineer,POL-04-2.1,Policy Requirement,All employees must complete the Information Security Basics module within the first week of joining.,Security Awareness,Mandatory,Must Complete,High,Week 1,POL-04,2.0,2.1,Knowledge Quiz,
ROLE-07,IT Support Engineer,POL-04-2.2,Policy Requirement,All employees must sign the Acceptable Use acknowledgement on Day 1.,Security Awareness,Mandatory,Must Acknowledge,High,Day 1,POL-04,2.0,2.2,Signed Acknowledgement,
ROLE-07,IT Support Engineer,POL-04-2.3,Policy Requirement,Employees must report any suspected security incident to the IT Service Desk within 1 hour of noticing it.,Security Awareness,Mandatory,Must Know,High,Week 1,POL-04,2.0,2.3,Knowledge Quiz,
ROLE-07,IT Support Engineer,POL-04-3.1,Policy Requirement,"Passwords must be at least 12 characters long and include upper-case letters, numbers and symbols.",Passwords and Access,Mandatory,Must Know,High,Week 1,POL-04,2.0,3.1,Knowledge Quiz,
ROLE-07,IT Support Engineer,POL-04-3.2,Policy Requirement,Employees must change their passwords every 60 days.,Passwords and Access,Mandatory,Must Know,High,Week 1,POL-04,2.0,3.2,Knowledge Quiz,
ROLE-07,IT Support Engineer,POL-04-3.3,Policy Requirement,"Employees must not share their passwords or access cards with anyone, including colleagues and managers.",Passwords and Access,Mandatory,Must Know,High,Week 1,POL-04,2.0,3.3,Knowledge Quiz,
ROLE-07,IT Support Engineer,POL-04-3.4,Policy Requirement,Employees must enable multi-factor authentication on their email account within the first week of joining.,Passwords and Access,Mandatory,Must Complete,High,Week 1,POL-04,2.0,3.4,Knowledge Quiz,
ROLE-07,IT Support Engineer,POL-04-4.1,Policy Requirement,Personal USB drives and external storage devices must not be connected to bank computers.,Devices and Removable Media,Mandatory,Must Know,High,Week 1,POL-04,2.0,4.1,Knowledge Quiz,
ROLE-07,IT Support Engineer,POL-04-4.2,Policy Requirement,Employees must lock their screen whenever they leave their desk.,Devices and Removable Media,Mandatory,Must Know,High,Week 1,POL-04,2.0,4.2,Knowledge Quiz,
ROLE-07,IT Support Engineer,POL-04-4.3,Policy Requirement,Employees should store work files only on the approved network drive.,Devices and Removable Media,Recommended,Recommended,Low,Week 1,POL-04,2.0,4.3,None,
ROLE-07,IT Support Engineer,POL-04-5.1,Policy Requirement,Employees must report suspicious emails using the Report Phishing button in Outlook.,Email and Phishing,Mandatory,Must Know,High,Week 1,POL-04,2.0,5.1,Knowledge Quiz,
ROLE-07,IT Support Engineer,POL-04-5.2,Policy Requirement,Employees must not open attachments from unknown senders.,Email and Phishing,Mandatory,Must Know,High,Week 1,POL-04,2.0,5.2,Knowledge Quiz,
ROLE-07,IT Support Engineer,POL-04-6.1,Policy Requirement,IT Support Engineers must use separate administrator accounts for privileged tasks.,Privileged Access,Mandatory,Must Know,High,Week 1,POL-04,2.0,6.1,Knowledge Quiz,
ROLE-07,IT Support Engineer,POL-04-6.2,Policy Requirement,IT Support Engineers must remove the system access of leavers within 24 hours of receiving an HR exit notice.,Privileged Access,Mandatory,Must Know,High,Week 1,POL-04,2.0,6.2,Knowledge Quiz,
ROLE-07,IT Support Engineer,POL-04-6.3,Policy Requirement,IT Support Engineers must demonstrate the secure device-setup checklist within 30 days of joining.,Privileged Access,Mandatory,Must Demonstrate,High,First 30 Days,POL-04,2.0,6.3,Practical Assessment,POL-04-2.1
ROLE-07,IT Support Engineer,POL-05-2.1,Policy Requirement,Employees must treat customers and colleagues with respect and courtesy.,Professional Behaviour,Mandatory,Must Know,Medium,Week 1,POL-05,1.0,2.1,Knowledge Quiz,
ROLE-07,IT Support Engineer,POL-05-2.2,Policy Requirement,"Employees must not accept gifts worth more than PKR 5,000 from customers or vendors.",Professional Behaviour,Mandatory,Must Know,Medium,Week 1,POL-05,1.0,2.2,Knowledge Quiz,
ROLE-07,IT Support Engineer,POL-05-2.3,Policy Requirement,Employees must declare every gift received in the Gift Register within 3 working days.,Professional Behaviour,Mandatory,Must Acknowledge,Medium,Week 1,POL-05,1.0,2.3,Signed Acknowledgement,
ROLE-07,IT Support Engineer,POL-05-2.4,Policy Requirement,Employees must acknowledge the Code of Conduct on Day 1.,Professional Behaviour,Mandatory,Must Acknowledge,High,Day 1,POL-05,1.0,2.4,Signed Acknowledgement,
ROLE-07,IT Support Engineer,POL-05-3.1,Policy Requirement,Employees must not engage in any form of harassment or discrimination.,Harassment and Discrimination,Mandatory,Must Know,Medium,Week 1,POL-05,1.0,3.1,Knowledge Quiz,
ROLE-07,IT Support Engineer,POL-05-3.2,Policy Requirement,Employees should report harassment to HR or through the confidential helpline.,Harassment and Discrimination,Recommended,Recommended,Low,Week 1,POL-05,1.0,3.2,None,
ROLE-07,IT Support Engineer,POL-05-3.3,Policy Requirement,All employees must complete the Anti-Harassment Awareness module within 30 days of joining.,Harassment and Discrimination,Mandatory,Must Complete,Medium,First 30 Days,POL-05,1.0,3.3,Knowledge Quiz,
ROLE-07,IT Support Engineer,POL-05-4.1,Policy Requirement,Employees must declare any conflict of interest to HR within the first week of joining.,Conflict of Interest,Mandatory,Must Acknowledge,Medium,Week 1,POL-05,1.0,4.1,Signed Acknowledgement,
ROLE-07,IT Support Engineer,POL-05-4.2,Policy Requirement,Employees may undertake outside part-time work only with written approval from HR.,Conflict of Interest,Optional,Optional,Low,Week 1,POL-05,1.0,4.2,None,
ROLE-07,IT Support Engineer,POL-05-5.1,Policy Requirement,Employees must not post confidential bank information on social media.,Social Media,Mandatory,Must Know,Medium,Week 1,POL-05,1.0,5.1,Knowledge Quiz,
ROLE-07,IT Support Engineer,POL-06-2.1,Policy Requirement,Employees must access customer personal data only when it is required for their assigned duties.,Personal Data Handling,Mandatory,Must Know,High,Week 1,POL-06,2.0,2.1,Knowledge Quiz,
ROLE-07,IT Support Engineer,POL-06-2.2,Policy Requirement,Employees must complete the Data Privacy Essentials module within 14 days of joining.,Personal Data Handling,Mandatory,Must Complete,High,Week 2,POL-06,2.0,2.2,Knowledge Quiz,POL-04-2.1
ROLE-07,IT Support Engineer,POL-06-2.3,Policy Requirement,Customer data must not be sent to personal email addresses or messaging apps.,Personal Data Handling,Mandatory,Must Know,High,Week 1,POL-06,2.0,2.3,Knowledge Quiz,
ROLE-07,IT Support Engineer,POL-06-5.1,Policy Requirement,Any suspected data breach must be reported to the Compliance Officer within 2 hours.,Data Breach,Mandatory,Must Know,High,Week 1,POL-06,2.0,5.1,Knowledge Quiz,
ROLE-07,IT Support Engineer,POL-08-2.1,Policy Requirement,All employees must complete the Fraud Awareness module within 30 days of joining.,Fraud Awareness,Mandatory,Must Complete,High,First 30 Days,POL-08,1.0,2.1,Knowledge Quiz,
ROLE-07,IT Support Engineer,POL-08-2.2,Policy Requirement,Employees must report suspected fraud through the whistleblowing channel or to the Compliance Officer.,Fraud Awareness,Mandatory,Must Know,High,Week 1,POL-08,1.0,2.2,Knowledge Quiz,
ROLE-07,IT Support Engineer,POL-08-3.1,Policy Requirement,Employees may report concerns anonymously through the confidential hotline.,Whistleblowing,Optional,Optional,Low,Week 1,POL-08,1.0,3.1,None,
ROLE-07,IT Support Engineer,POL-08-3.2,Policy Requirement,Employees must not attempt to investigate suspected fraud on their own.,Whistleblowing,Mandatory,Must Know,High,Week 1,POL-08,1.0,3.2,Knowledge Quiz,
ROLE-07,IT Support Engineer,PRC-01-2.1,Process Requirement,New joiners must report to the HR desk at 9:00 AM on Day 1.,Day 1,Mandatory,Must Know,High,Day 1,PRC-01,1.0,2.1,Knowledge Quiz,
ROLE-07,IT Support Engineer,PRC-01-2.3,Process Requirement,New joiners must attend the welcome orientation session on Day 1.,Day 1,Mandatory,Must Complete,High,Day 1,PRC-01,1.0,2.3,Knowledge Quiz,
ROLE-07,IT Support Engineer,PRC-01-3.1,Process Requirement,New joiners must complete the mandatory security and conduct modules within the first week of joining.,Week 1,Mandatory,Must Complete,Medium,Week 1,PRC-01,1.0,3.1,Knowledge Quiz,
ROLE-07,IT Support Engineer,PRC-01-3.2,Process Requirement,New joiners should meet at least three colleagues from other departments within the first week of joining.,Week 1,Recommended,Recommended,Low,Week 1,PRC-01,1.0,3.2,None,
ROLE-07,IT Support Engineer,PRC-01-4.1,Process Requirement,New joiners must complete their role-specific learning plan milestones within 30 days of joining.,First 30 Days,Mandatory,Must Complete,Medium,First 30 Days,PRC-01,1.0,4.1,Knowledge Quiz,
ROLE-07,IT Support Engineer,PRC-01-4.2,Process Requirement,New joiners must attend a check-in meeting with their reporting manager within 30 days of joining.,First 30 Days,Mandatory,Must Complete,Medium,First 30 Days,PRC-01,1.0,4.2,Knowledge Quiz,
ROLE-07,IT Support Engineer,PRC-01-5.1,Process Requirement,New joiners must complete all practical assessments within 60 days of joining.,First 60 and 90 Days,Mandatory,Must Complete,Medium,First 60 Days,PRC-01,1.0,5.1,Knowledge Quiz,
ROLE-07,IT Support Engineer,PRC-01-5.2,Process Requirement,New joiners must complete the final onboarding assessment within 90 days of joining.,First 60 and 90 Days,Mandatory,Must Complete,Medium,First 90 Days,PRC-01,1.0,5.2,Knowledge Quiz,
ROLE-07,IT Support Engineer,PRC-01-5.3,Process Requirement,New joiners may request a mentor from the HR team at any time during onboarding.,First 60 and 90 Days,Optional,Optional,Low,First 30 Days,PRC-01,1.0,5.3,None,
ROLE-07,IT Support Engineer,RD-01-7.2,Process Requirement,The IT Support Engineer must be available for on-call support one week per month.,IT Support Engineer,Mandatory,Must Know,Medium,Week 2,RD-01,1.0,7.2,Knowledge Quiz,
ROLE-07,IT Support Engineer,SOP-05-2.1,Process Requirement,System access must be requested by the reporting manager through the IT Service Portal.,Access Requests,Mandatory,Must Know,Medium,Week 2,SOP-05,2.0,2.1,Knowledge Quiz,
ROLE-07,IT Support Engineer,SOP-05-2.3,Process Requirement,Employees must not use the account of another employee while waiting for their own access.,Access Requests,Mandatory,Must Know,Medium,Week 2,SOP-05,2.0,2.3,Knowledge Quiz,
ROLE-07,IT Support Engineer,SOP-05-3.1,Process Requirement,Employees must report IT incidents through the IT Service Portal or by calling extension 1100.,Incident Reporting,Mandatory,Must Know,Medium,Week 2,SOP-05,2.0,3.1,Knowledge Quiz,
ROLE-07,IT Support Engineer,SOP-05-3.2,Process Requirement,Employees should include screenshots of error messages when reporting an incident.,Incident Reporting,Recommended,Recommended,Low,Week 2,SOP-05,2.0,3.2,None,
ROLE-07,IT Support Engineer,SOP-05-4.1,Process Requirement,IT Support Engineers must acknowledge Priority 1 incidents within 15 minutes.,Incident Handling,Mandatory,Must Acknowledge,Medium,Week 2,SOP-05,2.0,4.1,Signed Acknowledgement,
ROLE-07,IT Support Engineer,SOP-05-4.2,Process Requirement,IT Support Engineers must resolve Priority 2 incidents within 8 working hours.,Incident Handling,Mandatory,Must Know,Medium,Week 2,SOP-05,2.0,4.2,Knowledge Quiz,
ROLE-07,IT Support Engineer,SOP-05-4.3,Process Requirement,IT Support Engineers must fulfil approved access requests within 3 working days.,Incident Handling,Mandatory,Must Know,Medium,Week 2,SOP-05,2.0,4.3,Knowledge Quiz,
ROLE-07,IT Support Engineer,SOP-05-4.4,Process Requirement,IT Support Engineers must document the root cause of every Priority 1 incident.,Incident Handling,Mandatory,Must Know,Medium,Week 2,SOP-05,2.0,4.4,Knowledge Quiz,
ROLE-07,IT Support Engineer,SOP-05-4.5,Process Requirement,IT Support Engineers must complete the IT Service Portal administration training within the first week of joining.,Incident Handling,Mandatory,Must Complete,Medium,Week 1,SOP-05,2.0,4.5,Knowledge Quiz,
ROLE-07,IT Support Engineer,SOP-05-4.6,Process Requirement,IT Support Engineers may use remote-support tools only after obtaining the consent of the user.,Incident Handling,Optional,Optional,Low,Week 2,SOP-05,2.0,4.6,None,
ROLE-07,IT Support Engineer,SOP-06-2.1,Process Requirement,Employees must submit expense claims with original receipts within 30 days of incurring the expense.,Expense Claims,Mandatory,Must Complete,Medium,Week 2,SOP-06,1.0,2.1,Knowledge Quiz,
ROLE-07,IT Support Engineer,SOP-08-4.1,Process Requirement,IT Support Engineers must grant data access only after receiving approval from the data owner.,Access Administration,Mandatory,Must Know,Medium,Week 2,SOP-08,1.0,4.1,Knowledge Quiz,
ROLE-07,IT Support Engineer,SOP-08-4.2,Process Requirement,IT Support Engineers must review all analytics access rights every quarter.,Access Administration,Mandatory,Must Know,Medium,Week 2,SOP-08,1.0,4.2,Knowledge Quiz,
ROLE-08,Compliance Officer,CMP-01-2.1,Policy Requirement,All employees must complete Information Security Basics within the first week of joining.,Modules for All Employees,Mandatory,Must Complete,High,Week 1,CMP-01,2.0,2.1,Knowledge Quiz,
ROLE-08,Compliance Officer,CMP-01-2.2,Policy Requirement,All employees must complete Data Privacy Essentials within 14 days of joining.,Modules for All Employees,Mandatory,Must Complete,High,Week 2,CMP-01,2.0,2.2,Knowledge Quiz,CMP-01-2.1
ROLE-08,Compliance Officer,CMP-01-2.3,Policy Requirement,All employees must complete Fraud Awareness within 30 days of joining.,Modules for All Employees,Mandatory,Must Complete,High,First 30 Days,CMP-01,2.0,2.3,Knowledge Quiz,
ROLE-08,Compliance Officer,CMP-01-2.4,Policy Requirement,All employees must complete Anti-Harassment Awareness within 30 days of joining.,Modules for All Employees,Mandatory,Must Complete,High,First 30 Days,CMP-01,2.0,2.4,Knowledge Quiz,
ROLE-08,Compliance Officer,CMP-01-2.5,Policy Requirement,All employees must pass each mandatory module assessment with a minimum score of 70%.,Modules for All Employees,Mandatory,Must Complete,High,First 30 Days,CMP-01,2.0,2.5,Knowledge Quiz,
ROLE-08,Compliance Officer,CMP-01-4.1,Policy Requirement,Information Security Basics must be completed before Data Privacy Essentials.,Prerequisites,Mandatory,Must Complete,High,First 30 Days,CMP-01,2.0,4.1,Knowledge Quiz,
ROLE-08,Compliance Officer,CMP-01-4.2,Policy Requirement,Data Privacy Essentials must be completed before any customer-data access training.,Prerequisites,Mandatory,Must Complete,High,First 30 Days,CMP-01,2.0,4.2,Knowledge Quiz,
ROLE-08,Compliance Officer,CMP-01-4.3,Policy Requirement,AML and KYC Fundamentals must be completed before the Account Opening practical assessment.,Prerequisites,Mandatory,Must Complete,High,First 30 Days,CMP-01,2.0,4.3,Knowledge Quiz,
ROLE-08,Compliance Officer,CMP-01-4.4,Policy Requirement,The Complaint Handling module must be completed before the Escalation Procedure module.,Prerequisites,Mandatory,Must Complete,High,First 30 Days,CMP-01,2.0,4.4,Knowledge Quiz,
ROLE-08,Compliance Officer,CMP-01-5.1,Policy Requirement,Employees must complete refresher training for all mandatory modules every 12 months.,Refresher Training,Mandatory,Must Complete,High,First 30 Days,CMP-01,2.0,5.1,Knowledge Quiz,
ROLE-08,Compliance Officer,CMP-01-5.2,Policy Requirement,Employees who fail an assessment twice must be referred to their reporting manager for review.,Refresher Training,Mandatory,Must Know,High,First 30 Days,CMP-01,2.0,5.2,Knowledge Quiz,
ROLE-08,Compliance Officer,FAQ-01-4.2,Process Requirement,You must keep your bank account details updated on the HR portal.,How do I get my payslip?,Mandatory,Must Know,Medium,Week 2,FAQ-01,1.0,4.2,Knowledge Quiz,
ROLE-08,Compliance Officer,FAQ-01-6.1,Process Requirement,Work from home may be allowed for non-customer-facing roles with Department Head approval.,Can I work from home?,Optional,Optional,Low,Week 2,FAQ-01,1.0,6.1,None,
ROLE-08,Compliance Officer,FAQ-01-7.1,Process Requirement,A medical certificate is required for sick leave of more than 2 consecutive days.,Do I need a medical certificate for sick leave?,Mandatory,Must Know,Medium,Week 2,FAQ-01,1.0,7.1,Knowledge Quiz,
ROLE-08,Compliance Officer,FAQ-02-3.1,Process Requirement,You should reset it using the self-service portal or call extension 1100.,What if I forget my password?,Recommended,Recommended,Low,Week 2,FAQ-02,1.0,3.1,None,
ROLE-08,Compliance Officer,FAQ-02-4.1,Process Requirement,You must use the Report Phishing button in Outlook.,How do I report a phishing email?,Mandatory,Must Know,Medium,Week 2,FAQ-02,1.0,4.1,Knowledge Quiz,
ROLE-08,Compliance Officer,FAQ-02-6.1,Process Requirement,You must not install any software without IT approval.,Can I install software on my computer?,Mandatory,Must Know,Medium,Week 2,FAQ-02,1.0,6.1,Knowledge Quiz,
ROLE-08,Compliance Officer,POL-01-2.1,Policy Requirement,Every new employee must sign the Employee Handbook acknowledgement form on Day 1.,Joining Formalities,Mandatory,Must Acknowledge,High,Day 1,POL-01,1.0,2.1,Signed Acknowledgement,
ROLE-08,Compliance Officer,POL-01-2.2,Policy Requirement,New employees must submit copies of their educational certificates to HR within the first week of joining.,Joining Formalities,Mandatory,Must Complete,Medium,Week 1,POL-01,1.0,2.2,Knowledge Quiz,
ROLE-08,Compliance Officer,POL-01-2.3,Policy Requirement,New employees must collect their employee ID card from the HR desk on Day 1.,Joining Formalities,Mandatory,Must Complete,High,Day 1,POL-01,1.0,2.3,Knowledge Quiz,
ROLE-08,Compliance Officer,POL-01-2.4,Policy Requirement,New employees should meet their reporting manager within the first week of joining to agree on role expectations.,Joining Formalities,Recommended,Recommended,Low,Week 1,POL-01,1.0,2.4,None,
ROLE-08,Compliance Officer,POL-01-3.2,Policy Requirement,Employees must record attendance using the biometric system at the start and end of each working day.,Working Hours and Attendance,Mandatory,Must Know,Medium,Week 1,POL-01,1.0,3.2,Knowledge Quiz,
ROLE-08,Compliance Officer,POL-01-3.3,Policy Requirement,Employees may request flexible timing with written approval from their reporting manager.,Working Hours and Attendance,Optional,Optional,Low,Week 1,POL-01,1.0,3.3,None,
ROLE-08,Compliance Officer,POL-01-4.1,Policy Requirement,Employees must follow the business formal dress code on all customer-facing days.,Dress Code,Mandatory,Must Know,Medium,Week 1,POL-01,1.0,4.1,Knowledge Quiz,
ROLE-08,Compliance Officer,POL-01-4.2,Policy Requirement,Employees should refer to the Workplace Conduct Policy (POL-05) for detailed behavioural standards.,Dress Code,Recommended,Recommended,Low,Week 1,POL-01,1.0,4.2,None,
ROLE-08,Compliance Officer,POL-01-5.1,Policy Requirement,Employees must use bank equipment only for official purposes.,Use of Bank Resources,Mandatory,Must Know,Medium,Week 1,POL-01,1.0,5.1,Knowledge Quiz,
ROLE-08,Compliance Officer,POL-01-5.2,Policy Requirement,Employees may use the staff cafeteria and prayer rooms during scheduled breaks.,Use of Bank Resources,Optional,Optional,Low,Week 1,POL-01,1.0,5.2,None,
ROLE-08,Compliance Officer,POL-01-5.3,Policy Requirement,Employees must return all bank property on their last working day.,Use of Bank Resources,Mandatory,Must Know,Medium,Week 1,POL-01,1.0,5.3,Knowledge Quiz,
ROLE-08,Compliance Officer,POL-02-2.2,Policy Requirement,Employees must complete all mandatory onboarding modules before the end of probation.,Probation,Mandatory,Must Complete,Medium,First 90 Days,POL-02,2.0,2.2,Knowledge Quiz,
ROLE-08,Compliance Officer,POL-02-2.4,Policy Requirement,Employees must complete a probation review meeting with their reporting manager within 90 days of joining.,Probation,Mandatory,Must Complete,Medium,First 90 Days,POL-02,2.0,2.4,Knowledge Quiz,
ROLE-08,Compliance Officer,POL-02-3.2,Policy Requirement,Employees must obtain prior approval from their reporting manager for any overtime.,Working Hours,Mandatory,Must Know,Medium,Week 1,POL-02,2.0,3.2,Knowledge Quiz,
ROLE-08,Compliance Officer,POL-02-4.1,Policy Requirement,Employees must agree written performance objectives with their reporting manager within 30 days of joining.,Performance Management,Mandatory,Must Know,Medium,First 30 Days,POL-02,2.0,4.1,Knowledge Quiz,
ROLE-08,Compliance Officer,POL-02-4.2,Policy Requirement,Employees should request informal feedback from their reporting manager every month.,Performance Management,Recommended,Recommended,Low,Week 1,POL-02,2.0,4.2,None,
ROLE-08,Compliance Officer,POL-03-2.2,Policy Requirement,Employees must apply for annual leave at least 14 days in advance through the HR portal.,Annual Leave,Mandatory,Must Know,Medium,Week 1,POL-03,2.0,2.2,Knowledge Quiz,
ROLE-08,Compliance Officer,POL-03-2.3,Policy Requirement,Employees must not take more than 10 consecutive working days of annual leave without Department Head approval.,Annual Leave,Mandatory,Must Know,Medium,Week 1,POL-03,2.0,2.3,Knowledge Quiz,
ROLE-08,Compliance Officer,POL-03-2.4,Policy Requirement,Unused annual leave may be carried forward up to a maximum of 10 days.,Annual Leave,Optional,Optional,Low,Week 1,POL-03,2.0,2.4,None,
ROLE-08,Compliance Officer,POL-03-3.1,Policy Requirement,Employees must inform their reporting manager before 10:00 AM on any day they cannot come to work due to sickness.,Sick Leave,Mandatory,Must Know,Medium,Week 1,POL-03,2.0,3.1,Knowledge Quiz,
ROLE-08,Compliance Officer,POL-03-3.2,Policy Requirement,Sick leave of more than 2 consecutive days must be supported by a medical certificate.,Sick Leave,Mandatory,Must Know,Medium,Week 1,POL-03,2.0,3.2,Knowledge Quiz,
ROLE-08,Compliance Officer,POL-03-6.1,Policy Requirement,"Employees may refer to the HR and Leave FAQ (FAQ-01) for common questions; where the FAQ differs from this policy, this policy prevails.",Related Guidance,Optional,Optional,Low,Week 1,POL-03,2.0,6.1,None,
ROLE-08,Compliance Officer,POL-04-2.1,Policy Requirement,All employees must complete the Information Security Basics module within the first week of joining.,Security Awareness,Mandatory,Must Complete,High,Week 1,POL-04,2.0,2.1,Knowledge Quiz,
ROLE-08,Compliance Officer,POL-04-2.2,Policy Requirement,All employees must sign the Acceptable Use acknowledgement on Day 1.,Security Awareness,Mandatory,Must Acknowledge,High,Day 1,POL-04,2.0,2.2,Signed Acknowledgement,
ROLE-08,Compliance Officer,POL-04-2.3,Policy Requirement,Employees must report any suspected security incident to the IT Service Desk within 1 hour of noticing it.,Security Awareness,Mandatory,Must Know,High,Week 1,POL-04,2.0,2.3,Knowledge Quiz,
ROLE-08,Compliance Officer,POL-04-3.1,Policy Requirement,"Passwords must be at least 12 characters long and include upper-case letters, numbers and symbols.",Passwords and Access,Mandatory,Must Know,High,Week 1,POL-04,2.0,3.1,Knowledge Quiz,
ROLE-08,Compliance Officer,POL-04-3.2,Policy Requirement,Employees must change their passwords every 60 days.,Passwords and Access,Mandatory,Must Know,High,Week 1,POL-04,2.0,3.2,Knowledge Quiz,
ROLE-08,Compliance Officer,POL-04-3.3,Policy Requirement,"Employees must not share their passwords or access cards with anyone, including colleagues and managers.",Passwords and Access,Mandatory,Must Know,High,Week 1,POL-04,2.0,3.3,Knowledge Quiz,
ROLE-08,Compliance Officer,POL-04-3.4,Policy Requirement,Employees must enable multi-factor authentication on their email account within the first week of joining.,Passwords and Access,Mandatory,Must Complete,High,Week 1,POL-04,2.0,3.4,Knowledge Quiz,
ROLE-08,Compliance Officer,POL-04-4.1,Policy Requirement,Personal USB drives and external storage devices must not be connected to bank computers.,Devices and Removable Media,Mandatory,Must Know,High,Week 1,POL-04,2.0,4.1,Knowledge Quiz,
ROLE-08,Compliance Officer,POL-04-4.2,Policy Requirement,Employees must lock their screen whenever they leave their desk.,Devices and Removable Media,Mandatory,Must Know,High,Week 1,POL-04,2.0,4.2,Knowledge Quiz,
ROLE-08,Compliance Officer,POL-04-4.3,Policy Requirement,Employees should store work files only on the approved network drive.,Devices and Removable Media,Recommended,Recommended,Low,Week 1,POL-04,2.0,4.3,None,
ROLE-08,Compliance Officer,POL-04-5.1,Policy Requirement,Employees must report suspicious emails using the Report Phishing button in Outlook.,Email and Phishing,Mandatory,Must Know,High,Week 1,POL-04,2.0,5.1,Knowledge Quiz,
ROLE-08,Compliance Officer,POL-04-5.2,Policy Requirement,Employees must not open attachments from unknown senders.,Email and Phishing,Mandatory,Must Know,High,Week 1,POL-04,2.0,5.2,Knowledge Quiz,
ROLE-08,Compliance Officer,POL-05-2.1,Policy Requirement,Employees must treat customers and colleagues with respect and courtesy.,Professional Behaviour,Mandatory,Must Know,Medium,Week 1,POL-05,1.0,2.1,Knowledge Quiz,
ROLE-08,Compliance Officer,POL-05-2.2,Policy Requirement,"Employees must not accept gifts worth more than PKR 5,000 from customers or vendors.",Professional Behaviour,Mandatory,Must Know,Medium,Week 1,POL-05,1.0,2.2,Knowledge Quiz,
ROLE-08,Compliance Officer,POL-05-2.3,Policy Requirement,Employees must declare every gift received in the Gift Register within 3 working days.,Professional Behaviour,Mandatory,Must Acknowledge,Medium,Week 1,POL-05,1.0,2.3,Signed Acknowledgement,
ROLE-08,Compliance Officer,POL-05-2.4,Policy Requirement,Employees must acknowledge the Code of Conduct on Day 1.,Professional Behaviour,Mandatory,Must Acknowledge,High,Day 1,POL-05,1.0,2.4,Signed Acknowledgement,
ROLE-08,Compliance Officer,POL-05-3.1,Policy Requirement,Employees must not engage in any form of harassment or discrimination.,Harassment and Discrimination,Mandatory,Must Know,Medium,Week 1,POL-05,1.0,3.1,Knowledge Quiz,
ROLE-08,Compliance Officer,POL-05-3.2,Policy Requirement,Employees should report harassment to HR or through the confidential helpline.,Harassment and Discrimination,Recommended,Recommended,Low,Week 1,POL-05,1.0,3.2,None,
ROLE-08,Compliance Officer,POL-05-3.3,Policy Requirement,All employees must complete the Anti-Harassment Awareness module within 30 days of joining.,Harassment and Discrimination,Mandatory,Must Complete,Medium,First 30 Days,POL-05,1.0,3.3,Knowledge Quiz,
ROLE-08,Compliance Officer,POL-05-4.1,Policy Requirement,Employees must declare any conflict of interest to HR within the first week of joining.,Conflict of Interest,Mandatory,Must Acknowledge,Medium,Week 1,POL-05,1.0,4.1,Signed Acknowledgement,
ROLE-08,Compliance Officer,POL-05-4.2,Policy Requirement,Employees may undertake outside part-time work only with written approval from HR.,Conflict of Interest,Optional,Optional,Low,Week 1,POL-05,1.0,4.2,None,
ROLE-08,Compliance Officer,POL-05-5.1,Policy Requirement,Employees must not post confidential bank information on social media.,Social Media,Mandatory,Must Know,Medium,Week 1,POL-05,1.0,5.1,Knowledge Quiz,
ROLE-08,Compliance Officer,POL-06-2.1,Policy Requirement,Employees must access customer personal data only when it is required for their assigned duties.,Personal Data Handling,Mandatory,Must Know,High,Week 1,POL-06,2.0,2.1,Knowledge Quiz,
ROLE-08,Compliance Officer,POL-06-2.2,Policy Requirement,Employees must complete the Data Privacy Essentials module within 14 days of joining.,Personal Data Handling,Mandatory,Must Complete,High,Week 2,POL-06,2.0,2.2,Knowledge Quiz,POL-04-2.1
ROLE-08,Compliance Officer,POL-06-2.3,Policy Requirement,Customer data must not be sent to personal email addresses or messaging apps.,Personal Data Handling,Mandatory,Must Know,High,Week 1,POL-06,2.0,2.3,Knowledge Quiz,
ROLE-08,Compliance Officer,POL-06-4.1,Policy Requirement,Customer transaction records must be retained for 10 years from the date of account closure.,Data Retention,Mandatory,Must Know,High,Week 1,POL-06,2.0,4.1,Knowledge Quiz,
ROLE-08,Compliance Officer,POL-06-4.2,Policy Requirement,Records past their retention period must be destroyed using the approved secure disposal process.,Data Retention,Mandatory,Must Know,High,Week 1,POL-06,2.0,4.2,Knowledge Quiz,
ROLE-08,Compliance Officer,POL-06-5.1,Policy Requirement,Any suspected data breach must be reported to the Compliance Officer within 2 hours.,Data Breach,Mandatory,Must Know,High,Week 1,POL-06,2.0,5.1,Knowledge Quiz,
ROLE-08,Compliance Officer,POL-06-5.2,Policy Requirement,Compliance Officers must notify the regulator of a confirmed breach within 72 hours.,Data Breach,Mandatory,Must Know,High,Week 1,POL-06,2.0,5.2,Knowledge Quiz,
ROLE-08,Compliance Officer,POL-07-2.1,Policy Requirement,Staff in scope must complete the AML and KYC Fundamentals module within 14 days of joining.,AML Training,Mandatory,Must Complete,High,Week 2,POL-07,2.0,2.1,Knowledge Quiz,
ROLE-08,Compliance Officer,POL-07-2.2,Policy Requirement,Staff in scope must pass the AML assessment with a minimum score of 80%.,AML Training,Mandatory,Must Complete,High,Week 1,POL-07,2.0,2.2,Knowledge Quiz,
ROLE-08,Compliance Officer,POL-07-6.1,Policy Requirement,Compliance Officers must file Suspicious Transaction Reports with the Financial Monitoring Unit within 7 days of detection.,Compliance Monitoring,Mandatory,Must Know,High,Week 1,POL-07,2.0,6.1,Knowledge Quiz,
ROLE-08,Compliance Officer,POL-07-6.2,Policy Requirement,Compliance Officers must perform monthly sample testing of KYC files.,Compliance Monitoring,Mandatory,Must Know,High,Week 1,POL-07,2.0,6.2,Knowledge Quiz,
ROLE-08,Compliance Officer,POL-07-6.3,Policy Requirement,Compliance Officers should maintain a watch list of high-risk customers.,Compliance Monitoring,Recommended,Recommended,Low,Week 1,POL-07,2.0,6.3,None,
ROLE-08,Compliance Officer,POL-08-2.1,Policy Requirement,All employees must complete the Fraud Awareness module within 30 days of joining.,Fraud Awareness,Mandatory,Must Complete,High,First 30 Days,POL-08,1.0,2.1,Knowledge Quiz,
ROLE-08,Compliance Officer,POL-08-2.2,Policy Requirement,Employees must report suspected fraud through the whistleblowing channel or to the Compliance Officer.,Fraud Awareness,Mandatory,Must Know,High,Week 1,POL-08,1.0,2.2,Knowledge Quiz,
ROLE-08,Compliance Officer,POL-08-3.1,Policy Requirement,Employees may report concerns anonymously through the confidential hotline.,Whistleblowing,Optional,Optional,Low,Week 1,POL-08,1.0,3.1,None,
ROLE-08,Compliance Officer,POL-08-3.2,Policy Requirement,Employees must not attempt to investigate suspected fraud on their own.,Whistleblowing,Mandatory,Must Know,High,Week 1,POL-08,1.0,3.2,Knowledge Quiz,
ROLE-08,Compliance Officer,POL-08-5.1,Policy Requirement,Compliance Officers must log every fraud report in the case management system within 24 hours.,Investigation,Mandatory,Must Know,High,Week 1,POL-08,1.0,5.1,Knowledge Quiz,
ROLE-08,Compliance Officer,POL-08-5.2,Policy Requirement,"Compliance Officers must escalate fraud cases above PKR 500,000 to the Head of Compliance.",Investigation,Mandatory,Must Know,High,Week 1,POL-08,1.0,5.2,Knowledge Quiz,
ROLE-08,Compliance Officer,PRC-01-2.1,Process Requirement,New joiners must report to the HR desk at 9:00 AM on Day 1.,Day 1,Mandatory,Must Know,High,Day 1,PRC-01,1.0,2.1,Knowledge Quiz,
ROLE-08,Compliance Officer,PRC-01-2.3,Process Requirement,New joiners must attend the welcome orientation session on Day 1.,Day 1,Mandatory,Must Complete,High,Day 1,PRC-01,1.0,2.3,Knowledge Quiz,
ROLE-08,Compliance Officer,PRC-01-3.1,Process Requirement,New joiners must complete the mandatory security and conduct modules within the first week of joining.,Week 1,Mandatory,Must Complete,Medium,Week 1,PRC-01,1.0,3.1,Knowledge Quiz,
ROLE-08,Compliance Officer,PRC-01-3.2,Process Requirement,New joiners should meet at least three colleagues from other departments within the first week of joining.,Week 1,Recommended,Recommended,Low,Week 1,PRC-01,1.0,3.2,None,
ROLE-08,Compliance Officer,PRC-01-4.1,Process Requirement,New joiners must complete their role-specific learning plan milestones within 30 days of joining.,First 30 Days,Mandatory,Must Complete,Medium,First 30 Days,PRC-01,1.0,4.1,Knowledge Quiz,
ROLE-08,Compliance Officer,PRC-01-4.2,Process Requirement,New joiners must attend a check-in meeting with their reporting manager within 30 days of joining.,First 30 Days,Mandatory,Must Complete,Medium,First 30 Days,PRC-01,1.0,4.2,Knowledge Quiz,
ROLE-08,Compliance Officer,PRC-01-5.1,Process Requirement,New joiners must complete all practical assessments within 60 days of joining.,First 60 and 90 Days,Mandatory,Must Complete,Medium,First 60 Days,PRC-01,1.0,5.1,Knowledge Quiz,
ROLE-08,Compliance Officer,PRC-01-5.2,Process Requirement,New joiners must complete the final onboarding assessment within 90 days of joining.,First 60 and 90 Days,Mandatory,Must Complete,Medium,First 90 Days,PRC-01,1.0,5.2,Knowledge Quiz,
ROLE-08,Compliance Officer,PRC-01-5.3,Process Requirement,New joiners may request a mentor from the HR team at any time during onboarding.,First 60 and 90 Days,Optional,Optional,Low,First 30 Days,PRC-01,1.0,5.3,None,
ROLE-08,Compliance Officer,RD-01-8.2,Process Requirement,The Compliance Officer must complete the Certified AML Specialist preparation course within 90 days of joining.,Compliance Officer,Mandatory,Must Complete,Medium,First 90 Days,RD-01,1.0,8.2,Knowledge Quiz,
ROLE-08,Compliance Officer,RD-01-8.3,Process Requirement,The Compliance Officer must submit a monthly compliance report to the Head of Compliance.,Compliance Officer,Mandatory,Must Complete,Medium,Week 2,RD-01,1.0,8.3,Knowledge Quiz,
ROLE-08,Compliance Officer,SOP-03-4.1,Process Requirement,Accounts for high-risk customers must be referred to the Compliance Officer before approval.,High-Risk Customers,Mandatory,Must Know,Medium,Week 2,SOP-03,2.0,4.1,Knowledge Quiz,
ROLE-08,Compliance Officer,SOP-03-4.2,Process Requirement,Compliance Officers must complete the high-risk review within 2 working days.,High-Risk Customers,Mandatory,Must Complete,Medium,Week 2,SOP-03,2.0,4.2,Knowledge Quiz,
ROLE-08,Compliance Officer,SOP-05-2.1,Process Requirement,System access must be requested by the reporting manager through the IT Service Portal.,Access Requests,Mandatory,Must Know,Medium,Week 2,SOP-05,2.0,2.1,Knowledge Quiz,
ROLE-08,Compliance Officer,SOP-05-2.3,Process Requirement,Employees must not use the account of another employee while waiting for their own access.,Access Requests,Mandatory,Must Know,Medium,Week 2,SOP-05,2.0,2.3,Knowledge Quiz,
ROLE-08,Compliance Officer,SOP-05-3.1,Process Requirement,Employees must report IT incidents through the IT Service Portal or by calling extension 1100.,Incident Reporting,Mandatory,Must Know,Medium,Week 2,SOP-05,2.0,3.1,Knowledge Quiz,
ROLE-08,Compliance Officer,SOP-05-3.2,Process Requirement,Employees should include screenshots of error messages when reporting an incident.,Incident Reporting,Recommended,Recommended,Low,Week 2,SOP-05,2.0,3.2,None,
ROLE-08,Compliance Officer,SOP-06-2.1,Process Requirement,Employees must submit expense claims with original receipts within 30 days of incurring the expense.,Expense Claims,Mandatory,Must Complete,Medium,Week 2,SOP-06,1.0,2.1,Knowledge Quiz,
ROLE-08,Compliance Officer,SOP-07-3.1,Process Requirement,All external marketing content must be reviewed by the Compliance Officer before publication.,Approval,Mandatory,Must Know,Medium,Week 2,SOP-07,1.0,3.1,Knowledge Quiz,
ROLE-08,Compliance Officer,SOP-07-3.2,Process Requirement,Compliance Officers must complete marketing content reviews within 3 working days.,Approval,Mandatory,Must Complete,Medium,Week 2,SOP-07,1.0,3.2,Knowledge Quiz,
ROLE-08,Compliance Officer,SOP-07-3.3,Process Requirement,Approved content must be stored in the Marketing Content Library with its approval reference.,Approval,Mandatory,Must Know,Medium,Week 2,SOP-07,1.0,3.3,Knowledge Quiz,
ROLE-08,Compliance Officer,SOP-08-5.1,Process Requirement,Compliance Officers must review a sample of data-access logs every month.,Oversight,Mandatory,Must Know,Medium,Week 2,SOP-08,1.0,5.1,Knowledge Quiz,
ROLE-08,Compliance Officer,SOP-08-5.2,Process Requirement,Compliance Officers may request an ad-hoc access audit at any time.,Oversight,Optional,Optional,Low,Week 2,SOP-08,1.0,5.2,None,
ROLE-09,Marketing Executive,CMP-01-2.1,Policy Requirement,All employees must complete Information Security Basics within the first week of joining.,Modules for All Employees,Mandatory,Must Complete,High,Week 1,CMP-01,2.0,2.1,Knowledge Quiz,
ROLE-09,Marketing Executive,CMP-01-2.2,Policy Requirement,All employees must complete Data Privacy Essentials within 14 days of joining.,Modules for All Employees,Mandatory,Must Complete,High,Week 2,CMP-01,2.0,2.2,Knowledge Quiz,CMP-01-2.1
ROLE-09,Marketing Executive,CMP-01-2.3,Policy Requirement,All employees must complete Fraud Awareness within 30 days of joining.,Modules for All Employees,Mandatory,Must Complete,High,First 30 Days,CMP-01,2.0,2.3,Knowledge Quiz,
ROLE-09,Marketing Executive,CMP-01-2.4,Policy Requirement,All employees must complete Anti-Harassment Awareness within 30 days of joining.,Modules for All Employees,Mandatory,Must Complete,High,First 30 Days,CMP-01,2.0,2.4,Knowledge Quiz,
ROLE-09,Marketing Executive,CMP-01-2.5,Policy Requirement,All employees must pass each mandatory module assessment with a minimum score of 70%.,Modules for All Employees,Mandatory,Must Complete,High,First 30 Days,CMP-01,2.0,2.5,Knowledge Quiz,
ROLE-09,Marketing Executive,CMP-01-4.1,Policy Requirement,Information Security Basics must be completed before Data Privacy Essentials.,Prerequisites,Mandatory,Must Complete,High,First 30 Days,CMP-01,2.0,4.1,Knowledge Quiz,
ROLE-09,Marketing Executive,CMP-01-4.2,Policy Requirement,Data Privacy Essentials must be completed before any customer-data access training.,Prerequisites,Mandatory,Must Complete,High,First 30 Days,CMP-01,2.0,4.2,Knowledge Quiz,
ROLE-09,Marketing Executive,CMP-01-4.3,Policy Requirement,AML and KYC Fundamentals must be completed before the Account Opening practical assessment.,Prerequisites,Mandatory,Must Complete,High,First 30 Days,CMP-01,2.0,4.3,Knowledge Quiz,
ROLE-09,Marketing Executive,CMP-01-4.4,Policy Requirement,The Complaint Handling module must be completed before the Escalation Procedure module.,Prerequisites,Mandatory,Must Complete,High,First 30 Days,CMP-01,2.0,4.4,Knowledge Quiz,
ROLE-09,Marketing Executive,CMP-01-5.1,Policy Requirement,Employees must complete refresher training for all mandatory modules every 12 months.,Refresher Training,Mandatory,Must Complete,High,First 30 Days,CMP-01,2.0,5.1,Knowledge Quiz,
ROLE-09,Marketing Executive,CMP-01-5.2,Policy Requirement,Employees who fail an assessment twice must be referred to their reporting manager for review.,Refresher Training,Mandatory,Must Know,High,First 30 Days,CMP-01,2.0,5.2,Knowledge Quiz,
ROLE-09,Marketing Executive,FAQ-01-4.2,Process Requirement,You must keep your bank account details updated on the HR portal.,How do I get my payslip?,Mandatory,Must Know,Medium,Week 2,FAQ-01,1.0,4.2,Knowledge Quiz,
ROLE-09,Marketing Executive,FAQ-01-6.1,Process Requirement,Work from home may be allowed for non-customer-facing roles with Department Head approval.,Can I work from home?,Optional,Optional,Low,Week 2,FAQ-01,1.0,6.1,None,
ROLE-09,Marketing Executive,FAQ-01-7.1,Process Requirement,A medical certificate is required for sick leave of more than 2 consecutive days.,Do I need a medical certificate for sick leave?,Mandatory,Must Know,Medium,Week 2,FAQ-01,1.0,7.1,Knowledge Quiz,
ROLE-09,Marketing Executive,FAQ-02-3.1,Process Requirement,You should reset it using the self-service portal or call extension 1100.,What if I forget my password?,Recommended,Recommended,Low,Week 2,FAQ-02,1.0,3.1,None,
ROLE-09,Marketing Executive,FAQ-02-4.1,Process Requirement,You must use the Report Phishing button in Outlook.,How do I report a phishing email?,Mandatory,Must Know,Medium,Week 2,FAQ-02,1.0,4.1,Knowledge Quiz,
ROLE-09,Marketing Executive,FAQ-02-6.1,Process Requirement,You must not install any software without IT approval.,Can I install software on my computer?,Mandatory,Must Know,Medium,Week 2,FAQ-02,1.0,6.1,Knowledge Quiz,
ROLE-09,Marketing Executive,POL-01-2.1,Policy Requirement,Every new employee must sign the Employee Handbook acknowledgement form on Day 1.,Joining Formalities,Mandatory,Must Acknowledge,High,Day 1,POL-01,1.0,2.1,Signed Acknowledgement,
ROLE-09,Marketing Executive,POL-01-2.2,Policy Requirement,New employees must submit copies of their educational certificates to HR within the first week of joining.,Joining Formalities,Mandatory,Must Complete,Medium,Week 1,POL-01,1.0,2.2,Knowledge Quiz,
ROLE-09,Marketing Executive,POL-01-2.3,Policy Requirement,New employees must collect their employee ID card from the HR desk on Day 1.,Joining Formalities,Mandatory,Must Complete,High,Day 1,POL-01,1.0,2.3,Knowledge Quiz,
ROLE-09,Marketing Executive,POL-01-2.4,Policy Requirement,New employees should meet their reporting manager within the first week of joining to agree on role expectations.,Joining Formalities,Recommended,Recommended,Low,Week 1,POL-01,1.0,2.4,None,
ROLE-09,Marketing Executive,POL-01-3.2,Policy Requirement,Employees must record attendance using the biometric system at the start and end of each working day.,Working Hours and Attendance,Mandatory,Must Know,Medium,Week 1,POL-01,1.0,3.2,Knowledge Quiz,
ROLE-09,Marketing Executive,POL-01-3.3,Policy Requirement,Employees may request flexible timing with written approval from their reporting manager.,Working Hours and Attendance,Optional,Optional,Low,Week 1,POL-01,1.0,3.3,None,
ROLE-09,Marketing Executive,POL-01-4.1,Policy Requirement,Employees must follow the business formal dress code on all customer-facing days.,Dress Code,Mandatory,Must Know,Medium,Week 1,POL-01,1.0,4.1,Knowledge Quiz,
ROLE-09,Marketing Executive,POL-01-4.2,Policy Requirement,Employees should refer to the Workplace Conduct Policy (POL-05) for detailed behavioural standards.,Dress Code,Recommended,Recommended,Low,Week 1,POL-01,1.0,4.2,None,
ROLE-09,Marketing Executive,POL-01-5.1,Policy Requirement,Employees must use bank equipment only for official purposes.,Use of Bank Resources,Mandatory,Must Know,Medium,Week 1,POL-01,1.0,5.1,Knowledge Quiz,
ROLE-09,Marketing Executive,POL-01-5.2,Policy Requirement,Employees may use the staff cafeteria and prayer rooms during scheduled breaks.,Use of Bank Resources,Optional,Optional,Low,Week 1,POL-01,1.0,5.2,None,
ROLE-09,Marketing Executive,POL-01-5.3,Policy Requirement,Employees must return all bank property on their last working day.,Use of Bank Resources,Mandatory,Must Know,Medium,Week 1,POL-01,1.0,5.3,Knowledge Quiz,
ROLE-09,Marketing Executive,POL-02-2.2,Policy Requirement,Employees must complete all mandatory onboarding modules before the end of probation.,Probation,Mandatory,Must Complete,Medium,First 90 Days,POL-02,2.0,2.2,Knowledge Quiz,
ROLE-09,Marketing Executive,POL-02-2.4,Policy Requirement,Employees must complete a probation review meeting with their reporting manager within 90 days of joining.,Probation,Mandatory,Must Complete,Medium,First 90 Days,POL-02,2.0,2.4,Knowledge Quiz,
ROLE-09,Marketing Executive,POL-02-3.2,Policy Requirement,Employees must obtain prior approval from their reporting manager for any overtime.,Working Hours,Mandatory,Must Know,Medium,Week 1,POL-02,2.0,3.2,Knowledge Quiz,
ROLE-09,Marketing Executive,POL-02-4.1,Policy Requirement,Employees must agree written performance objectives with their reporting manager within 30 days of joining.,Performance Management,Mandatory,Must Know,Medium,First 30 Days,POL-02,2.0,4.1,Knowledge Quiz,
ROLE-09,Marketing Executive,POL-02-4.2,Policy Requirement,Employees should request informal feedback from their reporting manager every month.,Performance Management,Recommended,Recommended,Low,Week 1,POL-02,2.0,4.2,None,
ROLE-09,Marketing Executive,POL-03-2.2,Policy Requirement,Employees must apply for annual leave at least 14 days in advance through the HR portal.,Annual Leave,Mandatory,Must Know,Medium,Week 1,POL-03,2.0,2.2,Knowledge Quiz,
ROLE-09,Marketing Executive,POL-03-2.3,Policy Requirement,Employees must not take more than 10 consecutive working days of annual leave without Department Head approval.,Annual Leave,Mandatory,Must Know,Medium,Week 1,POL-03,2.0,2.3,Knowledge Quiz,
ROLE-09,Marketing Executive,POL-03-2.4,Policy Requirement,Unused annual leave may be carried forward up to a maximum of 10 days.,Annual Leave,Optional,Optional,Low,Week 1,POL-03,2.0,2.4,None,
ROLE-09,Marketing Executive,POL-03-3.1,Policy Requirement,Employees must inform their reporting manager before 10:00 AM on any day they cannot come to work due to sickness.,Sick Leave,Mandatory,Must Know,Medium,Week 1,POL-03,2.0,3.1,Knowledge Quiz,
ROLE-09,Marketing Executive,POL-03-3.2,Policy Requirement,Sick leave of more than 2 consecutive days must be supported by a medical certificate.,Sick Leave,Mandatory,Must Know,Medium,Week 1,POL-03,2.0,3.2,Knowledge Quiz,
ROLE-09,Marketing Executive,POL-03-6.1,Policy Requirement,"Employees may refer to the HR and Leave FAQ (FAQ-01) for common questions; where the FAQ differs from this policy, this policy prevails.",Related Guidance,Optional,Optional,Low,Week 1,POL-03,2.0,6.1,None,
ROLE-09,Marketing Executive,POL-04-2.1,Policy Requirement,All employees must complete the Information Security Basics module within the first week of joining.,Security Awareness,Mandatory,Must Complete,High,Week 1,POL-04,2.0,2.1,Knowledge Quiz,
ROLE-09,Marketing Executive,POL-04-2.2,Policy Requirement,All employees must sign the Acceptable Use acknowledgement on Day 1.,Security Awareness,Mandatory,Must Acknowledge,High,Day 1,POL-04,2.0,2.2,Signed Acknowledgement,
ROLE-09,Marketing Executive,POL-04-2.3,Policy Requirement,Employees must report any suspected security incident to the IT Service Desk within 1 hour of noticing it.,Security Awareness,Mandatory,Must Know,High,Week 1,POL-04,2.0,2.3,Knowledge Quiz,
ROLE-09,Marketing Executive,POL-04-3.1,Policy Requirement,"Passwords must be at least 12 characters long and include upper-case letters, numbers and symbols.",Passwords and Access,Mandatory,Must Know,High,Week 1,POL-04,2.0,3.1,Knowledge Quiz,
ROLE-09,Marketing Executive,POL-04-3.2,Policy Requirement,Employees must change their passwords every 60 days.,Passwords and Access,Mandatory,Must Know,High,Week 1,POL-04,2.0,3.2,Knowledge Quiz,
ROLE-09,Marketing Executive,POL-04-3.3,Policy Requirement,"Employees must not share their passwords or access cards with anyone, including colleagues and managers.",Passwords and Access,Mandatory,Must Know,High,Week 1,POL-04,2.0,3.3,Knowledge Quiz,
ROLE-09,Marketing Executive,POL-04-3.4,Policy Requirement,Employees must enable multi-factor authentication on their email account within the first week of joining.,Passwords and Access,Mandatory,Must Complete,High,Week 1,POL-04,2.0,3.4,Knowledge Quiz,
ROLE-09,Marketing Executive,POL-04-4.1,Policy Requirement,Personal USB drives and external storage devices must not be connected to bank computers.,Devices and Removable Media,Mandatory,Must Know,High,Week 1,POL-04,2.0,4.1,Knowledge Quiz,
ROLE-09,Marketing Executive,POL-04-4.2,Policy Requirement,Employees must lock their screen whenever they leave their desk.,Devices and Removable Media,Mandatory,Must Know,High,Week 1,POL-04,2.0,4.2,Knowledge Quiz,
ROLE-09,Marketing Executive,POL-04-4.3,Policy Requirement,Employees should store work files only on the approved network drive.,Devices and Removable Media,Recommended,Recommended,Low,Week 1,POL-04,2.0,4.3,None,
ROLE-09,Marketing Executive,POL-04-5.1,Policy Requirement,Employees must report suspicious emails using the Report Phishing button in Outlook.,Email and Phishing,Mandatory,Must Know,High,Week 1,POL-04,2.0,5.1,Knowledge Quiz,
ROLE-09,Marketing Executive,POL-04-5.2,Policy Requirement,Employees must not open attachments from unknown senders.,Email and Phishing,Mandatory,Must Know,High,Week 1,POL-04,2.0,5.2,Knowledge Quiz,
ROLE-09,Marketing Executive,POL-05-2.1,Policy Requirement,Employees must treat customers and colleagues with respect and courtesy.,Professional Behaviour,Mandatory,Must Know,Medium,Week 1,POL-05,1.0,2.1,Knowledge Quiz,
ROLE-09,Marketing Executive,POL-05-2.2,Policy Requirement,"Employees must not accept gifts worth more than PKR 5,000 from customers or vendors.",Professional Behaviour,Mandatory,Must Know,Medium,Week 1,POL-05,1.0,2.2,Knowledge Quiz,
ROLE-09,Marketing Executive,POL-05-2.3,Policy Requirement,Employees must declare every gift received in the Gift Register within 3 working days.,Professional Behaviour,Mandatory,Must Acknowledge,Medium,Week 1,POL-05,1.0,2.3,Signed Acknowledgement,
ROLE-09,Marketing Executive,POL-05-2.4,Policy Requirement,Employees must acknowledge the Code of Conduct on Day 1.,Professional Behaviour,Mandatory,Must Acknowledge,High,Day 1,POL-05,1.0,2.4,Signed Acknowledgement,
ROLE-09,Marketing Executive,POL-05-3.1,Policy Requirement,Employees must not engage in any form of harassment or discrimination.,Harassment and Discrimination,Mandatory,Must Know,Medium,Week 1,POL-05,1.0,3.1,Knowledge Quiz,
ROLE-09,Marketing Executive,POL-05-3.2,Policy Requirement,Employees should report harassment to HR or through the confidential helpline.,Harassment and Discrimination,Recommended,Recommended,Low,Week 1,POL-05,1.0,3.2,None,
ROLE-09,Marketing Executive,POL-05-3.3,Policy Requirement,All employees must complete the Anti-Harassment Awareness module within 30 days of joining.,Harassment and Discrimination,Mandatory,Must Complete,Medium,First 30 Days,POL-05,1.0,3.3,Knowledge Quiz,
ROLE-09,Marketing Executive,POL-05-4.1,Policy Requirement,Employees must declare any conflict of interest to HR within the first week of joining.,Conflict of Interest,Mandatory,Must Acknowledge,Medium,Week 1,POL-05,1.0,4.1,Signed Acknowledgement,
ROLE-09,Marketing Executive,POL-05-4.2,Policy Requirement,Employees may undertake outside part-time work only with written approval from HR.,Conflict of Interest,Optional,Optional,Low,Week 1,POL-05,1.0,4.2,None,
ROLE-09,Marketing Executive,POL-05-5.1,Policy Requirement,Employees must not post confidential bank information on social media.,Social Media,Mandatory,Must Know,Medium,Week 1,POL-05,1.0,5.1,Knowledge Quiz,
ROLE-09,Marketing Executive,POL-05-5.2,Policy Requirement,Marketing Executives must use only the approved bank accounts when posting official content.,Social Media,Mandatory,Must Know,Medium,Week 1,POL-05,1.0,5.2,Knowledge Quiz,
ROLE-09,Marketing Executive,POL-06-2.1,Policy Requirement,Employees must access customer personal data only when it is required for their assigned duties.,Personal Data Handling,Mandatory,Must Know,High,Week 1,POL-06,2.0,2.1,Knowledge Quiz,
ROLE-09,Marketing Executive,POL-06-2.2,Policy Requirement,Employees must complete the Data Privacy Essentials module within 14 days of joining.,Personal Data Handling,Mandatory,Must Complete,High,Week 2,POL-06,2.0,2.2,Knowledge Quiz,POL-04-2.1
ROLE-09,Marketing Executive,POL-06-2.3,Policy Requirement,Customer data must not be sent to personal email addresses or messaging apps.,Personal Data Handling,Mandatory,Must Know,High,Week 1,POL-06,2.0,2.3,Knowledge Quiz,
ROLE-09,Marketing Executive,POL-06-5.1,Policy Requirement,Any suspected data breach must be reported to the Compliance Officer within 2 hours.,Data Breach,Mandatory,Must Know,High,Week 1,POL-06,2.0,5.1,Knowledge Quiz,
ROLE-09,Marketing Executive,POL-08-2.1,Policy Requirement,All employees must complete the Fraud Awareness module within 30 days of joining.,Fraud Awareness,Mandatory,Must Complete,High,First 30 Days,POL-08,1.0,2.1,Knowledge Quiz,
ROLE-09,Marketing Executive,POL-08-2.2,Policy Requirement,Employees must report suspected fraud through the whistleblowing channel or to the Compliance Officer.,Fraud Awareness,Mandatory,Must Know,High,Week 1,POL-08,1.0,2.2,Knowledge Quiz,
ROLE-09,Marketing Executive,POL-08-3.1,Policy Requirement,Employees may report concerns anonymously through the confidential hotline.,Whistleblowing,Optional,Optional,Low,Week 1,POL-08,1.0,3.1,None,
ROLE-09,Marketing Executive,POL-08-3.2,Policy Requirement,Employees must not attempt to investigate suspected fraud on their own.,Whistleblowing,Mandatory,Must Know,High,Week 1,POL-08,1.0,3.2,Knowledge Quiz,
ROLE-09,Marketing Executive,PRC-01-2.1,Process Requirement,New joiners must report to the HR desk at 9:00 AM on Day 1.,Day 1,Mandatory,Must Know,High,Day 1,PRC-01,1.0,2.1,Knowledge Quiz,
ROLE-09,Marketing Executive,PRC-01-2.3,Process Requirement,New joiners must attend the welcome orientation session on Day 1.,Day 1,Mandatory,Must Complete,High,Day 1,PRC-01,1.0,2.3,Knowledge Quiz,
ROLE-09,Marketing Executive,PRC-01-3.1,Process Requirement,New joiners must complete the mandatory security and conduct modules within the first week of joining.,Week 1,Mandatory,Must Complete,Medium,Week 1,PRC-01,1.0,3.1,Knowledge Quiz,
ROLE-09,Marketing Executive,PRC-01-3.2,Process Requirement,New joiners should meet at least three colleagues from other departments within the first week of joining.,Week 1,Recommended,Recommended,Low,Week 1,PRC-01,1.0,3.2,None,
ROLE-09,Marketing Executive,PRC-01-4.1,Process Requirement,New joiners must complete their role-specific learning plan milestones within 30 days of joining.,First 30 Days,Mandatory,Must Complete,Medium,First 30 Days,PRC-01,1.0,4.1,Knowledge Quiz,
ROLE-09,Marketing Executive,PRC-01-4.2,Process Requirement,New joiners must attend a check-in meeting with their reporting manager within 30 days of joining.,First 30 Days,Mandatory,Must Complete,Medium,First 30 Days,PRC-01,1.0,4.2,Knowledge Quiz,
ROLE-09,Marketing Executive,PRC-01-5.1,Process Requirement,New joiners must complete all practical assessments within 60 days of joining.,First 60 and 90 Days,Mandatory,Must Complete,Medium,First 60 Days,PRC-01,1.0,5.1,Knowledge Quiz,
ROLE-09,Marketing Executive,PRC-01-5.2,Process Requirement,New joiners must complete the final onboarding assessment within 90 days of joining.,First 60 and 90 Days,Mandatory,Must Complete,Medium,First 90 Days,PRC-01,1.0,5.2,Knowledge Quiz,
ROLE-09,Marketing Executive,PRC-01-5.3,Process Requirement,New joiners may request a mentor from the HR team at any time during onboarding.,First 60 and 90 Days,Optional,Optional,Low,First 30 Days,PRC-01,1.0,5.3,None,
ROLE-09,Marketing Executive,RD-01-9.2,Process Requirement,The Marketing Executive must track campaign performance and report results every month.,Marketing Executive,Mandatory,Must Know,Medium,Week 2,RD-01,1.0,9.2,Knowledge Quiz,
ROLE-09,Marketing Executive,RD-01-9.3,Process Requirement,The Marketing Executive may attend external marketing workshops with manager approval.,Marketing Executive,Optional,Optional,Low,Week 2,RD-01,1.0,9.3,None,
ROLE-09,Marketing Executive,SOP-05-2.1,Process Requirement,System access must be requested by the reporting manager through the IT Service Portal.,Access Requests,Mandatory,Must Know,Medium,Week 2,SOP-05,2.0,2.1,Knowledge Quiz,
ROLE-09,Marketing Executive,SOP-05-2.3,Process Requirement,Employees must not use the account of another employee while waiting for their own access.,Access Requests,Mandatory,Must Know,Medium,Week 2,SOP-05,2.0,2.3,Knowledge Quiz,
ROLE-09,Marketing Executive,SOP-05-3.1,Process Requirement,Employees must report IT incidents through the IT Service Portal or by calling extension 1100.,Incident Reporting,Mandatory,Must Know,Medium,Week 2,SOP-05,2.0,3.1,Knowledge Quiz,
ROLE-09,Marketing Executive,SOP-05-3.2,Process Requirement,Employees should include screenshots of error messages when reporting an incident.,Incident Reporting,Recommended,Recommended,Low,Week 2,SOP-05,2.0,3.2,None,
ROLE-09,Marketing Executive,SOP-06-2.1,Process Requirement,Employees must submit expense claims with original receipts within 30 days of incurring the expense.,Expense Claims,Mandatory,Must Complete,Medium,Week 2,SOP-06,1.0,2.1,Knowledge Quiz,
ROLE-09,Marketing Executive,SOP-07-2.1,Process Requirement,Marketing Executives must follow the Brand Guidelines (MKT-GD-01) for all external content.,Content Creation,Mandatory,Must Know,Medium,Week 2,SOP-07,1.0,2.1,Knowledge Quiz,
ROLE-09,Marketing Executive,SOP-07-2.2,Process Requirement,Marketing Executives must not publish interest rates or offers that have not been approved by the Product team.,Content Creation,Mandatory,Must Know,Medium,Week 2,SOP-07,1.0,2.2,Knowledge Quiz,
ROLE-09,Marketing Executive,SOP-07-2.3,Process Requirement,Marketing Executives should prepare content at least 10 working days before the campaign launch.,Content Creation,Recommended,Recommended,Low,Week 2,SOP-07,1.0,2.3,None,
ROLE-09,Marketing Executive,SOP-07-2.4,Process Requirement,Marketing Executives must include the regulatory disclaimer on every advertisement for a financial product.,Content Creation,Mandatory,Must Know,Medium,Week 2,SOP-07,1.0,2.4,Knowledge Quiz,
ROLE-09,Marketing Executive,SOP-07-3.1,Process Requirement,All external marketing content must be reviewed by the Compliance Officer before publication.,Approval,Mandatory,Must Know,Medium,Week 2,SOP-07,1.0,3.1,Knowledge Quiz,
ROLE-09,Marketing Executive,SOP-07-3.2,Process Requirement,Compliance Officers must complete marketing content reviews within 3 working days.,Approval,Mandatory,Must Complete,Medium,Week 2,SOP-07,1.0,3.2,Knowledge Quiz,
ROLE-09,Marketing Executive,SOP-07-3.3,Process Requirement,Approved content must be stored in the Marketing Content Library with its approval reference.,Approval,Mandatory,Must Know,Medium,Week 2,SOP-07,1.0,3.3,Knowledge Quiz,
ROLE-09,Marketing Executive,SOP-07-4.1,Process Requirement,Marketing Executives must include only customers who have given marketing consent in campaign lists.,Customer Data in Marketing,Mandatory,Must Know,Medium,Week 2,SOP-07,1.0,4.1,Knowledge Quiz,
ROLE-09,Marketing Executive,SOP-07-4.2,Process Requirement,Marketing Executives must request campaign data from the Data Analytics team using the data request form described in SOP-08.,Customer Data in Marketing,Mandatory,Must Know,Medium,Week 2,SOP-07,1.0,4.2,Knowledge Quiz,
ROLE-09,Marketing Executive,SOP-07-5.1,Process Requirement,Marketing Executives must complete the Responsible Marketing module within 30 days of joining.,Training,Mandatory,Must Complete,Medium,First 30 Days,SOP-07,1.0,5.1,Knowledge Quiz,
ROLE-10,Data Analyst,CMP-01-2.1,Policy Requirement,All employees must complete Information Security Basics within the first week of joining.,Modules for All Employees,Mandatory,Must Complete,High,Week 1,CMP-01,2.0,2.1,Knowledge Quiz,
ROLE-10,Data Analyst,CMP-01-2.2,Policy Requirement,All employees must complete Data Privacy Essentials within 14 days of joining.,Modules for All Employees,Mandatory,Must Complete,High,Week 2,CMP-01,2.0,2.2,Knowledge Quiz,CMP-01-2.1
ROLE-10,Data Analyst,CMP-01-2.3,Policy Requirement,All employees must complete Fraud Awareness within 30 days of joining.,Modules for All Employees,Mandatory,Must Complete,High,First 30 Days,CMP-01,2.0,2.3,Knowledge Quiz,
ROLE-10,Data Analyst,CMP-01-2.4,Policy Requirement,All employees must complete Anti-Harassment Awareness within 30 days of joining.,Modules for All Employees,Mandatory,Must Complete,High,First 30 Days,CMP-01,2.0,2.4,Knowledge Quiz,
ROLE-10,Data Analyst,CMP-01-2.5,Policy Requirement,All employees must pass each mandatory module assessment with a minimum score of 70%.,Modules for All Employees,Mandatory,Must Complete,High,First 30 Days,CMP-01,2.0,2.5,Knowledge Quiz,
ROLE-10,Data Analyst,CMP-01-4.1,Policy Requirement,Information Security Basics must be completed before Data Privacy Essentials.,Prerequisites,Mandatory,Must Complete,High,First 30 Days,CMP-01,2.0,4.1,Knowledge Quiz,
ROLE-10,Data Analyst,CMP-01-4.2,Policy Requirement,Data Privacy Essentials must be completed before any customer-data access training.,Prerequisites,Mandatory,Must Complete,High,First 30 Days,CMP-01,2.0,4.2,Knowledge Quiz,
ROLE-10,Data Analyst,CMP-01-4.3,Policy Requirement,AML and KYC Fundamentals must be completed before the Account Opening practical assessment.,Prerequisites,Mandatory,Must Complete,High,First 30 Days,CMP-01,2.0,4.3,Knowledge Quiz,
ROLE-10,Data Analyst,CMP-01-4.4,Policy Requirement,The Complaint Handling module must be completed before the Escalation Procedure module.,Prerequisites,Mandatory,Must Complete,High,First 30 Days,CMP-01,2.0,4.4,Knowledge Quiz,
ROLE-10,Data Analyst,CMP-01-5.1,Policy Requirement,Employees must complete refresher training for all mandatory modules every 12 months.,Refresher Training,Mandatory,Must Complete,High,First 30 Days,CMP-01,2.0,5.1,Knowledge Quiz,
ROLE-10,Data Analyst,CMP-01-5.2,Policy Requirement,Employees who fail an assessment twice must be referred to their reporting manager for review.,Refresher Training,Mandatory,Must Know,High,First 30 Days,CMP-01,2.0,5.2,Knowledge Quiz,
ROLE-10,Data Analyst,FAQ-01-4.2,Process Requirement,You must keep your bank account details updated on the HR portal.,How do I get my payslip?,Mandatory,Must Know,Medium,Week 2,FAQ-01,1.0,4.2,Knowledge Quiz,
ROLE-10,Data Analyst,FAQ-01-6.1,Process Requirement,Work from home may be allowed for non-customer-facing roles with Department Head approval.,Can I work from home?,Optional,Optional,Low,Week 2,FAQ-01,1.0,6.1,None,
ROLE-10,Data Analyst,FAQ-01-7.1,Process Requirement,A medical certificate is required for sick leave of more than 2 consecutive days.,Do I need a medical certificate for sick leave?,Mandatory,Must Know,Medium,Week 2,FAQ-01,1.0,7.1,Knowledge Quiz,
ROLE-10,Data Analyst,FAQ-02-3.1,Process Requirement,You should reset it using the self-service portal or call extension 1100.,What if I forget my password?,Recommended,Recommended,Low,Week 2,FAQ-02,1.0,3.1,None,
ROLE-10,Data Analyst,FAQ-02-4.1,Process Requirement,You must use the Report Phishing button in Outlook.,How do I report a phishing email?,Mandatory,Must Know,Medium,Week 2,FAQ-02,1.0,4.1,Knowledge Quiz,
ROLE-10,Data Analyst,FAQ-02-6.1,Process Requirement,You must not install any software without IT approval.,Can I install software on my computer?,Mandatory,Must Know,Medium,Week 2,FAQ-02,1.0,6.1,Knowledge Quiz,
ROLE-10,Data Analyst,POL-01-2.1,Policy Requirement,Every new employee must sign the Employee Handbook acknowledgement form on Day 1.,Joining Formalities,Mandatory,Must Acknowledge,High,Day 1,POL-01,1.0,2.1,Signed Acknowledgement,
ROLE-10,Data Analyst,POL-01-2.2,Policy Requirement,New employees must submit copies of their educational certificates to HR within the first week of joining.,Joining Formalities,Mandatory,Must Complete,Medium,Week 1,POL-01,1.0,2.2,Knowledge Quiz,
ROLE-10,Data Analyst,POL-01-2.3,Policy Requirement,New employees must collect their employee ID card from the HR desk on Day 1.,Joining Formalities,Mandatory,Must Complete,High,Day 1,POL-01,1.0,2.3,Knowledge Quiz,
ROLE-10,Data Analyst,POL-01-2.4,Policy Requirement,New employees should meet their reporting manager within the first week of joining to agree on role expectations.,Joining Formalities,Recommended,Recommended,Low,Week 1,POL-01,1.0,2.4,None,
ROLE-10,Data Analyst,POL-01-3.2,Policy Requirement,Employees must record attendance using the biometric system at the start and end of each working day.,Working Hours and Attendance,Mandatory,Must Know,Medium,Week 1,POL-01,1.0,3.2,Knowledge Quiz,
ROLE-10,Data Analyst,POL-01-3.3,Policy Requirement,Employees may request flexible timing with written approval from their reporting manager.,Working Hours and Attendance,Optional,Optional,Low,Week 1,POL-01,1.0,3.3,None,
ROLE-10,Data Analyst,POL-01-4.1,Policy Requirement,Employees must follow the business formal dress code on all customer-facing days.,Dress Code,Mandatory,Must Know,Medium,Week 1,POL-01,1.0,4.1,Knowledge Quiz,
ROLE-10,Data Analyst,POL-01-4.2,Policy Requirement,Employees should refer to the Workplace Conduct Policy (POL-05) for detailed behavioural standards.,Dress Code,Recommended,Recommended,Low,Week 1,POL-01,1.0,4.2,None,
ROLE-10,Data Analyst,POL-01-5.1,Policy Requirement,Employees must use bank equipment only for official purposes.,Use of Bank Resources,Mandatory,Must Know,Medium,Week 1,POL-01,1.0,5.1,Knowledge Quiz,
ROLE-10,Data Analyst,POL-01-5.2,Policy Requirement,Employees may use the staff cafeteria and prayer rooms during scheduled breaks.,Use of Bank Resources,Optional,Optional,Low,Week 1,POL-01,1.0,5.2,None,
ROLE-10,Data Analyst,POL-01-5.3,Policy Requirement,Employees must return all bank property on their last working day.,Use of Bank Resources,Mandatory,Must Know,Medium,Week 1,POL-01,1.0,5.3,Knowledge Quiz,
ROLE-10,Data Analyst,POL-02-2.2,Policy Requirement,Employees must complete all mandatory onboarding modules before the end of probation.,Probation,Mandatory,Must Complete,Medium,First 90 Days,POL-02,2.0,2.2,Knowledge Quiz,
ROLE-10,Data Analyst,POL-02-2.4,Policy Requirement,Employees must complete a probation review meeting with their reporting manager within 90 days of joining.,Probation,Mandatory,Must Complete,Medium,First 90 Days,POL-02,2.0,2.4,Knowledge Quiz,
ROLE-10,Data Analyst,POL-02-3.2,Policy Requirement,Employees must obtain prior approval from their reporting manager for any overtime.,Working Hours,Mandatory,Must Know,Medium,Week 1,POL-02,2.0,3.2,Knowledge Quiz,
ROLE-10,Data Analyst,POL-02-4.1,Policy Requirement,Employees must agree written performance objectives with their reporting manager within 30 days of joining.,Performance Management,Mandatory,Must Know,Medium,First 30 Days,POL-02,2.0,4.1,Knowledge Quiz,
ROLE-10,Data Analyst,POL-02-4.2,Policy Requirement,Employees should request informal feedback from their reporting manager every month.,Performance Management,Recommended,Recommended,Low,Week 1,POL-02,2.0,4.2,None,
ROLE-10,Data Analyst,POL-03-2.2,Policy Requirement,Employees must apply for annual leave at least 14 days in advance through the HR portal.,Annual Leave,Mandatory,Must Know,Medium,Week 1,POL-03,2.0,2.2,Knowledge Quiz,
ROLE-10,Data Analyst,POL-03-2.3,Policy Requirement,Employees must not take more than 10 consecutive working days of annual leave without Department Head approval.,Annual Leave,Mandatory,Must Know,Medium,Week 1,POL-03,2.0,2.3,Knowledge Quiz,
ROLE-10,Data Analyst,POL-03-2.4,Policy Requirement,Unused annual leave may be carried forward up to a maximum of 10 days.,Annual Leave,Optional,Optional,Low,Week 1,POL-03,2.0,2.4,None,
ROLE-10,Data Analyst,POL-03-3.1,Policy Requirement,Employees must inform their reporting manager before 10:00 AM on any day they cannot come to work due to sickness.,Sick Leave,Mandatory,Must Know,Medium,Week 1,POL-03,2.0,3.1,Knowledge Quiz,
ROLE-10,Data Analyst,POL-03-3.2,Policy Requirement,Sick leave of more than 2 consecutive days must be supported by a medical certificate.,Sick Leave,Mandatory,Must Know,Medium,Week 1,POL-03,2.0,3.2,Knowledge Quiz,
ROLE-10,Data Analyst,POL-03-6.1,Policy Requirement,"Employees may refer to the HR and Leave FAQ (FAQ-01) for common questions; where the FAQ differs from this policy, this policy prevails.",Related Guidance,Optional,Optional,Low,Week 1,POL-03,2.0,6.1,None,
ROLE-10,Data Analyst,POL-04-2.1,Policy Requirement,All employees must complete the Information Security Basics module within the first week of joining.,Security Awareness,Mandatory,Must Complete,High,Week 1,POL-04,2.0,2.1,Knowledge Quiz,
ROLE-10,Data Analyst,POL-04-2.2,Policy Requirement,All employees must sign the Acceptable Use acknowledgement on Day 1.,Security Awareness,Mandatory,Must Acknowledge,High,Day 1,POL-04,2.0,2.2,Signed Acknowledgement,
ROLE-10,Data Analyst,POL-04-2.3,Policy Requirement,Employees must report any suspected security incident to the IT Service Desk within 1 hour of noticing it.,Security Awareness,Mandatory,Must Know,High,Week 1,POL-04,2.0,2.3,Knowledge Quiz,
ROLE-10,Data Analyst,POL-04-3.1,Policy Requirement,"Passwords must be at least 12 characters long and include upper-case letters, numbers and symbols.",Passwords and Access,Mandatory,Must Know,High,Week 1,POL-04,2.0,3.1,Knowledge Quiz,
ROLE-10,Data Analyst,POL-04-3.2,Policy Requirement,Employees must change their passwords every 60 days.,Passwords and Access,Mandatory,Must Know,High,Week 1,POL-04,2.0,3.2,Knowledge Quiz,
ROLE-10,Data Analyst,POL-04-3.3,Policy Requirement,"Employees must not share their passwords or access cards with anyone, including colleagues and managers.",Passwords and Access,Mandatory,Must Know,High,Week 1,POL-04,2.0,3.3,Knowledge Quiz,
ROLE-10,Data Analyst,POL-04-3.4,Policy Requirement,Employees must enable multi-factor authentication on their email account within the first week of joining.,Passwords and Access,Mandatory,Must Complete,High,Week 1,POL-04,2.0,3.4,Knowledge Quiz,
ROLE-10,Data Analyst,POL-04-4.1,Policy Requirement,Personal USB drives and external storage devices must not be connected to bank computers.,Devices and Removable Media,Mandatory,Must Know,High,Week 1,POL-04,2.0,4.1,Knowledge Quiz,
ROLE-10,Data Analyst,POL-04-4.2,Policy Requirement,Employees must lock their screen whenever they leave their desk.,Devices and Removable Media,Mandatory,Must Know,High,Week 1,POL-04,2.0,4.2,Knowledge Quiz,
ROLE-10,Data Analyst,POL-04-4.3,Policy Requirement,Employees should store work files only on the approved network drive.,Devices and Removable Media,Recommended,Recommended,Low,Week 1,POL-04,2.0,4.3,None,
ROLE-10,Data Analyst,POL-04-5.1,Policy Requirement,Employees must report suspicious emails using the Report Phishing button in Outlook.,Email and Phishing,Mandatory,Must Know,High,Week 1,POL-04,2.0,5.1,Knowledge Quiz,
ROLE-10,Data Analyst,POL-04-5.2,Policy Requirement,Employees must not open attachments from unknown senders.,Email and Phishing,Mandatory,Must Know,High,Week 1,POL-04,2.0,5.2,Knowledge Quiz,
ROLE-10,Data Analyst,POL-05-2.1,Policy Requirement,Employees must treat customers and colleagues with respect and courtesy.,Professional Behaviour,Mandatory,Must Know,Medium,Week 1,POL-05,1.0,2.1,Knowledge Quiz,
ROLE-10,Data Analyst,POL-05-2.2,Policy Requirement,"Employees must not accept gifts worth more than PKR 5,000 from customers or vendors.",Professional Behaviour,Mandatory,Must Know,Medium,Week 1,POL-05,1.0,2.2,Knowledge Quiz,
ROLE-10,Data Analyst,POL-05-2.3,Policy Requirement,Employees must declare every gift received in the Gift Register within 3 working days.,Professional Behaviour,Mandatory,Must Acknowledge,Medium,Week 1,POL-05,1.0,2.3,Signed Acknowledgement,
ROLE-10,Data Analyst,POL-05-2.4,Policy Requirement,Employees must acknowledge the Code of Conduct on Day 1.,Professional Behaviour,Mandatory,Must Acknowledge,High,Day 1,POL-05,1.0,2.4,Signed Acknowledgement,
ROLE-10,Data Analyst,POL-05-3.1,Policy Requirement,Employees must not engage in any form of harassment or discrimination.,Harassment and Discrimination,Mandatory,Must Know,Medium,Week 1,POL-05,1.0,3.1,Knowledge Quiz,
ROLE-10,Data Analyst,POL-05-3.2,Policy Requirement,Employees should report harassment to HR or through the confidential helpline.,Harassment and Discrimination,Recommended,Recommended,Low,Week 1,POL-05,1.0,3.2,None,
ROLE-10,Data Analyst,POL-05-3.3,Policy Requirement,All employees must complete the Anti-Harassment Awareness module within 30 days of joining.,Harassment and Discrimination,Mandatory,Must Complete,Medium,First 30 Days,POL-05,1.0,3.3,Knowledge Quiz,
ROLE-10,Data Analyst,POL-05-4.1,Policy Requirement,Employees must declare any conflict of interest to HR within the first week of joining.,Conflict of Interest,Mandatory,Must Acknowledge,Medium,Week 1,POL-05,1.0,4.1,Signed Acknowledgement,
ROLE-10,Data Analyst,POL-05-4.2,Policy Requirement,Employees may undertake outside part-time work only with written approval from HR.,Conflict of Interest,Optional,Optional,Low,Week 1,POL-05,1.0,4.2,None,
ROLE-10,Data Analyst,POL-05-5.1,Policy Requirement,Employees must not post confidential bank information on social media.,Social Media,Mandatory,Must Know,Medium,Week 1,POL-05,1.0,5.1,Knowledge Quiz,
ROLE-10,Data Analyst,POL-06-2.1,Policy Requirement,Employees must access customer personal data only when it is required for their assigned duties.,Personal Data Handling,Mandatory,Must Know,High,Week 1,POL-06,2.0,2.1,Knowledge Quiz,
ROLE-10,Data Analyst,POL-06-2.2,Policy Requirement,Employees must complete the Data Privacy Essentials module within 14 days of joining.,Personal Data Handling,Mandatory,Must Complete,High,Week 2,POL-06,2.0,2.2,Knowledge Quiz,POL-04-2.1
ROLE-10,Data Analyst,POL-06-2.3,Policy Requirement,Customer data must not be sent to personal email addresses or messaging apps.,Personal Data Handling,Mandatory,Must Know,High,Week 1,POL-06,2.0,2.3,Knowledge Quiz,
ROLE-10,Data Analyst,POL-06-4.1,Policy Requirement,Customer transaction records must be retained for 10 years from the date of account closure.,Data Retention,Mandatory,Must Know,High,Week 1,POL-06,2.0,4.1,Knowledge Quiz,
ROLE-10,Data Analyst,POL-06-4.2,Policy Requirement,Records past their retention period must be destroyed using the approved secure disposal process.,Data Retention,Mandatory,Must Know,High,Week 1,POL-06,2.0,4.2,Knowledge Quiz,
ROLE-10,Data Analyst,POL-06-5.1,Policy Requirement,Any suspected data breach must be reported to the Compliance Officer within 2 hours.,Data Breach,Mandatory,Must Know,High,Week 1,POL-06,2.0,5.1,Knowledge Quiz,
ROLE-10,Data Analyst,POL-06-6.1,Policy Requirement,Data Analysts must use anonymised or masked data sets for analysis and reporting.,Analytics,Mandatory,Must Know,High,Week 1,POL-06,2.0,6.1,Knowledge Quiz,
ROLE-10,Data Analyst,POL-06-6.2,Policy Requirement,Data Analysts must not export customer-level data outside the analytics environment.,Analytics,Mandatory,Must Know,High,Week 1,POL-06,2.0,6.2,Knowledge Quiz,
ROLE-10,Data Analyst,POL-06-6.3,Policy Requirement,Data Analysts may use aggregated data in presentations without further approval.,Analytics,Optional,Optional,Low,Week 1,POL-06,2.0,6.3,None,
ROLE-10,Data Analyst,POL-08-2.1,Policy Requirement,All employees must complete the Fraud Awareness module within 30 days of joining.,Fraud Awareness,Mandatory,Must Complete,High,First 30 Days,POL-08,1.0,2.1,Knowledge Quiz,
ROLE-10,Data Analyst,POL-08-2.2,Policy Requirement,Employees must report suspected fraud through the whistleblowing channel or to the Compliance Officer.,Fraud Awareness,Mandatory,Must Know,High,Week 1,POL-08,1.0,2.2,Knowledge Quiz,
ROLE-10,Data Analyst,POL-08-3.1,Policy Requirement,Employees may report concerns anonymously through the confidential hotline.,Whistleblowing,Optional,Optional,Low,Week 1,POL-08,1.0,3.1,None,
ROLE-10,Data Analyst,POL-08-3.2,Policy Requirement,Employees must not attempt to investigate suspected fraud on their own.,Whistleblowing,Mandatory,Must Know,High,Week 1,POL-08,1.0,3.2,Knowledge Quiz,
ROLE-10,Data Analyst,PRC-01-2.1,Process Requirement,New joiners must report to the HR desk at 9:00 AM on Day 1.,Day 1,Mandatory,Must Know,High,Day 1,PRC-01,1.0,2.1,Knowledge Quiz,
ROLE-10,Data Analyst,PRC-01-2.3,Process Requirement,New joiners must attend the welcome orientation session on Day 1.,Day 1,Mandatory,Must Complete,High,Day 1,PRC-01,1.0,2.3,Knowledge Quiz,
ROLE-10,Data Analyst,PRC-01-3.1,Process Requirement,New joiners must complete the mandatory security and conduct modules within the first week of joining.,Week 1,Mandatory,Must Complete,Medium,Week 1,PRC-01,1.0,3.1,Knowledge Quiz,
ROLE-10,Data Analyst,PRC-01-3.2,Process Requirement,New joiners should meet at least three colleagues from other departments within the first week of joining.,Week 1,Recommended,Recommended,Low,Week 1,PRC-01,1.0,3.2,None,
ROLE-10,Data Analyst,PRC-01-4.1,Process Requirement,New joiners must complete their role-specific learning plan milestones within 30 days of joining.,First 30 Days,Mandatory,Must Complete,Medium,First 30 Days,PRC-01,1.0,4.1,Knowledge Quiz,
ROLE-10,Data Analyst,PRC-01-4.2,Process Requirement,New joiners must attend a check-in meeting with their reporting manager within 30 days of joining.,First 30 Days,Mandatory,Must Complete,Medium,First 30 Days,PRC-01,1.0,4.2,Knowledge Quiz,
ROLE-10,Data Analyst,PRC-01-5.1,Process Requirement,New joiners must complete all practical assessments within 60 days of joining.,First 60 and 90 Days,Mandatory,Must Complete,Medium,First 60 Days,PRC-01,1.0,5.1,Knowledge Quiz,
ROLE-10,Data Analyst,PRC-01-5.2,Process Requirement,New joiners must complete the final onboarding assessment within 90 days of joining.,First 60 and 90 Days,Mandatory,Must Complete,Medium,First 90 Days,PRC-01,1.0,5.2,Knowledge Quiz,
ROLE-10,Data Analyst,PRC-01-5.3,Process Requirement,New joiners may request a mentor from the HR team at any time during onboarding.,First 60 and 90 Days,Optional,Optional,Low,First 30 Days,PRC-01,1.0,5.3,None,
ROLE-10,Data Analyst,RD-01-10.2,Process Requirement,The Data Analyst must produce the weekly branch performance dashboard.,Data Analyst,Mandatory,Must Know,Medium,Week 2,RD-01,1.0,10.2,Knowledge Quiz,
ROLE-10,Data Analyst,RD-01-10.3,Process Requirement,The Data Analyst must complete the SQL and data visualisation skills assessment within 30 days of joining.,Data Analyst,Mandatory,Must Complete,Medium,First 30 Days,RD-01,1.0,10.3,Knowledge Quiz,
ROLE-10,Data Analyst,SOP-05-2.1,Process Requirement,System access must be requested by the reporting manager through the IT Service Portal.,Access Requests,Mandatory,Must Know,Medium,Week 2,SOP-05,2.0,2.1,Knowledge Quiz,
ROLE-10,Data Analyst,SOP-05-2.3,Process Requirement,Employees must not use the account of another employee while waiting for their own access.,Access Requests,Mandatory,Must Know,Medium,Week 2,SOP-05,2.0,2.3,Knowledge Quiz,
ROLE-10,Data Analyst,SOP-05-3.1,Process Requirement,Employees must report IT incidents through the IT Service Portal or by calling extension 1100.,Incident Reporting,Mandatory,Must Know,Medium,Week 2,SOP-05,2.0,3.1,Knowledge Quiz,
ROLE-10,Data Analyst,SOP-05-3.2,Process Requirement,Employees should include screenshots of error messages when reporting an incident.,Incident Reporting,Recommended,Recommended,Low,Week 2,SOP-05,2.0,3.2,None,
ROLE-10,Data Analyst,SOP-06-2.1,Process Requirement,Employees must submit expense claims with original receipts within 30 days of incurring the expense.,Expense Claims,Mandatory,Must Complete,Medium,Week 2,SOP-06,1.0,2.1,Knowledge Quiz,
ROLE-10,Data Analyst,SOP-08-2.1,Process Requirement,Data Analysts must request access to production data sources through the IT Service Portal as described in SOP-05.,Data Access,Mandatory,Must Know,Medium,Week 2,SOP-08,1.0,2.1,Knowledge Quiz,POL-06-2.2
ROLE-10,Data Analyst,SOP-08-2.2,Process Requirement,Data Analysts must complete Information Security Basics and Data Privacy Essentials before being granted data access.,Data Access,Mandatory,Must Complete,Medium,Week 2,SOP-08,1.0,2.2,Knowledge Quiz,
ROLE-10,Data Analyst,SOP-08-2.3,Process Requirement,Data Analysts must use only the approved analytics tools listed in the IT Tools Catalogue.,Data Access,Mandatory,Must Know,Medium,Week 2,SOP-08,1.0,2.3,Knowledge Quiz,
ROLE-10,Data Analyst,SOP-08-3.1,Process Requirement,Every management report must state its data source and extraction date.,Report Production,Mandatory,Must Know,Medium,Week 2,SOP-08,1.0,3.1,Knowledge Quiz,
ROLE-10,Data Analyst,SOP-08-3.2,Process Requirement,Data Analysts must have each new report peer-reviewed by another analyst before release.,Report Production,Mandatory,Must Know,Medium,Week 2,SOP-08,1.0,3.2,Knowledge Quiz,
ROLE-10,Data Analyst,SOP-08-3.3,Process Requirement,Data Analysts should automate recurring reports where possible.,Report Production,Recommended,Recommended,Low,Week 2,SOP-08,1.0,3.3,None,
ROLE-10,Data Analyst,SOP-08-3.4,Process Requirement,Data Analysts must demonstrate building a masked data extract within 30 days of joining.,Report Production,Mandatory,Must Demonstrate,Medium,First 30 Days,SOP-08,1.0,3.4,Practical Assessment,POL-06-2.2
ROLE-11,Cash Teller,CMP-01-2.1,Policy Requirement,All employees must complete Information Security Basics within the first week of joining.,Modules for All Employees,Mandatory,Must Complete,High,Week 1,CMP-01,2.0,2.1,Knowledge Quiz,
ROLE-11,Cash Teller,CMP-01-2.2,Policy Requirement,All employees must complete Data Privacy Essentials within 14 days of joining.,Modules for All Employees,Mandatory,Must Complete,High,Week 2,CMP-01,2.0,2.2,Knowledge Quiz,CMP-01-2.1
ROLE-11,Cash Teller,CMP-01-2.3,Policy Requirement,All employees must complete Fraud Awareness within 30 days of joining.,Modules for All Employees,Mandatory,Must Complete,High,First 30 Days,CMP-01,2.0,2.3,Knowledge Quiz,
ROLE-11,Cash Teller,CMP-01-2.4,Policy Requirement,All employees must complete Anti-Harassment Awareness within 30 days of joining.,Modules for All Employees,Mandatory,Must Complete,High,First 30 Days,CMP-01,2.0,2.4,Knowledge Quiz,
ROLE-11,Cash Teller,CMP-01-2.5,Policy Requirement,All employees must pass each mandatory module assessment with a minimum score of 70%.,Modules for All Employees,Mandatory,Must Complete,High,First 30 Days,CMP-01,2.0,2.5,Knowledge Quiz,
ROLE-11,Cash Teller,CMP-01-4.1,Policy Requirement,Information Security Basics must be completed before Data Privacy Essentials.,Prerequisites,Mandatory,Must Complete,High,First 30 Days,CMP-01,2.0,4.1,Knowledge Quiz,
ROLE-11,Cash Teller,CMP-01-4.2,Policy Requirement,Data Privacy Essentials must be completed before any customer-data access training.,Prerequisites,Mandatory,Must Complete,High,First 30 Days,CMP-01,2.0,4.2,Knowledge Quiz,
ROLE-11,Cash Teller,CMP-01-4.3,Policy Requirement,AML and KYC Fundamentals must be completed before the Account Opening practical assessment.,Prerequisites,Mandatory,Must Complete,High,First 30 Days,CMP-01,2.0,4.3,Knowledge Quiz,
ROLE-11,Cash Teller,CMP-01-4.4,Policy Requirement,The Complaint Handling module must be completed before the Escalation Procedure module.,Prerequisites,Mandatory,Must Complete,High,First 30 Days,CMP-01,2.0,4.4,Knowledge Quiz,
ROLE-11,Cash Teller,CMP-01-5.1,Policy Requirement,Employees must complete refresher training for all mandatory modules every 12 months.,Refresher Training,Mandatory,Must Complete,High,First 30 Days,CMP-01,2.0,5.1,Knowledge Quiz,
ROLE-11,Cash Teller,CMP-01-5.2,Policy Requirement,Employees who fail an assessment twice must be referred to their reporting manager for review.,Refresher Training,Mandatory,Must Know,High,First 30 Days,CMP-01,2.0,5.2,Knowledge Quiz,
ROLE-11,Cash Teller,FAQ-01-4.2,Process Requirement,You must keep your bank account details updated on the HR portal.,How do I get my payslip?,Mandatory,Must Know,Medium,Week 2,FAQ-01,1.0,4.2,Knowledge Quiz,
ROLE-11,Cash Teller,FAQ-01-6.1,Process Requirement,Work from home may be allowed for non-customer-facing roles with Department Head approval.,Can I work from home?,Optional,Optional,Low,Week 2,FAQ-01,1.0,6.1,None,
ROLE-11,Cash Teller,FAQ-01-7.1,Process Requirement,A medical certificate is required for sick leave of more than 2 consecutive days.,Do I need a medical certificate for sick leave?,Mandatory,Must Know,Medium,Week 2,FAQ-01,1.0,7.1,Knowledge Quiz,
ROLE-11,Cash Teller,FAQ-02-3.1,Process Requirement,You should reset it using the self-service portal or call extension 1100.,What if I forget my password?,Recommended,Recommended,Low,Week 2,FAQ-02,1.0,3.1,None,
ROLE-11,Cash Teller,FAQ-02-4.1,Process Requirement,You must use the Report Phishing button in Outlook.,How do I report a phishing email?,Mandatory,Must Know,Medium,Week 2,FAQ-02,1.0,4.1,Knowledge Quiz,
ROLE-11,Cash Teller,FAQ-02-6.1,Process Requirement,You must not install any software without IT approval.,Can I install software on my computer?,Mandatory,Must Know,Medium,Week 2,FAQ-02,1.0,6.1,Knowledge Quiz,
ROLE-11,Cash Teller,POL-01-2.1,Policy Requirement,Every new employee must sign the Employee Handbook acknowledgement form on Day 1.,Joining Formalities,Mandatory,Must Acknowledge,High,Day 1,POL-01,1.0,2.1,Signed Acknowledgement,
ROLE-11,Cash Teller,POL-01-2.2,Policy Requirement,New employees must submit copies of their educational certificates to HR within the first week of joining.,Joining Formalities,Mandatory,Must Complete,Medium,Week 1,POL-01,1.0,2.2,Knowledge Quiz,
ROLE-11,Cash Teller,POL-01-2.3,Policy Requirement,New employees must collect their employee ID card from the HR desk on Day 1.,Joining Formalities,Mandatory,Must Complete,High,Day 1,POL-01,1.0,2.3,Knowledge Quiz,
ROLE-11,Cash Teller,POL-01-2.4,Policy Requirement,New employees should meet their reporting manager within the first week of joining to agree on role expectations.,Joining Formalities,Recommended,Recommended,Low,Week 1,POL-01,1.0,2.4,None,
ROLE-11,Cash Teller,POL-01-3.2,Policy Requirement,Employees must record attendance using the biometric system at the start and end of each working day.,Working Hours and Attendance,Mandatory,Must Know,Medium,Week 1,POL-01,1.0,3.2,Knowledge Quiz,
ROLE-11,Cash Teller,POL-01-3.3,Policy Requirement,Employees may request flexible timing with written approval from their reporting manager.,Working Hours and Attendance,Optional,Optional,Low,Week 1,POL-01,1.0,3.3,None,
ROLE-11,Cash Teller,POL-01-4.1,Policy Requirement,Employees must follow the business formal dress code on all customer-facing days.,Dress Code,Mandatory,Must Know,Medium,Week 1,POL-01,1.0,4.1,Knowledge Quiz,
ROLE-11,Cash Teller,POL-01-4.2,Policy Requirement,Employees should refer to the Workplace Conduct Policy (POL-05) for detailed behavioural standards.,Dress Code,Recommended,Recommended,Low,Week 1,POL-01,1.0,4.2,None,
ROLE-11,Cash Teller,POL-01-5.1,Policy Requirement,Employees must use bank equipment only for official purposes.,Use of Bank Resources,Mandatory,Must Know,Medium,Week 1,POL-01,1.0,5.1,Knowledge Quiz,
ROLE-11,Cash Teller,POL-01-5.2,Policy Requirement,Employees may use the staff cafeteria and prayer rooms during scheduled breaks.,Use of Bank Resources,Optional,Optional,Low,Week 1,POL-01,1.0,5.2,None,
ROLE-11,Cash Teller,POL-01-5.3,Policy Requirement,Employees must return all bank property on their last working day.,Use of Bank Resources,Mandatory,Must Know,Medium,Week 1,POL-01,1.0,5.3,Knowledge Quiz,
ROLE-11,Cash Teller,POL-02-2.2,Policy Requirement,Employees must complete all mandatory onboarding modules before the end of probation.,Probation,Mandatory,Must Complete,Medium,First 90 Days,POL-02,2.0,2.2,Knowledge Quiz,
ROLE-11,Cash Teller,POL-02-2.4,Policy Requirement,Employees must complete a probation review meeting with their reporting manager within 90 days of joining.,Probation,Mandatory,Must Complete,Medium,First 90 Days,POL-02,2.0,2.4,Knowledge Quiz,
ROLE-11,Cash Teller,POL-02-3.2,Policy Requirement,Employees must obtain prior approval from their reporting manager for any overtime.,Working Hours,Mandatory,Must Know,Medium,Week 1,POL-02,2.0,3.2,Knowledge Quiz,
ROLE-11,Cash Teller,POL-02-4.1,Policy Requirement,Employees must agree written performance objectives with their reporting manager within 30 days of joining.,Performance Management,Mandatory,Must Know,Medium,First 30 Days,POL-02,2.0,4.1,Knowledge Quiz,
ROLE-11,Cash Teller,POL-02-4.2,Policy Requirement,Employees should request informal feedback from their reporting manager every month.,Performance Management,Recommended,Recommended,Low,Week 1,POL-02,2.0,4.2,None,
ROLE-11,Cash Teller,POL-03-2.2,Policy Requirement,Employees must apply for annual leave at least 14 days in advance through the HR portal.,Annual Leave,Mandatory,Must Know,Medium,Week 1,POL-03,2.0,2.2,Knowledge Quiz,
ROLE-11,Cash Teller,POL-03-2.3,Policy Requirement,Employees must not take more than 10 consecutive working days of annual leave without Department Head approval.,Annual Leave,Mandatory,Must Know,Medium,Week 1,POL-03,2.0,2.3,Knowledge Quiz,
ROLE-11,Cash Teller,POL-03-2.4,Policy Requirement,Unused annual leave may be carried forward up to a maximum of 10 days.,Annual Leave,Optional,Optional,Low,Week 1,POL-03,2.0,2.4,None,
ROLE-11,Cash Teller,POL-03-3.1,Policy Requirement,Employees must inform their reporting manager before 10:00 AM on any day they cannot come to work due to sickness.,Sick Leave,Mandatory,Must Know,Medium,Week 1,POL-03,2.0,3.1,Knowledge Quiz,
ROLE-11,Cash Teller,POL-03-3.2,Policy Requirement,Sick leave of more than 2 consecutive days must be supported by a medical certificate.,Sick Leave,Mandatory,Must Know,Medium,Week 1,POL-03,2.0,3.2,Knowledge Quiz,
ROLE-11,Cash Teller,POL-03-4.1,Policy Requirement,Staff in these roles must take at least 5 consecutive working days of leave each year as a fraud-control measure.,Mandatory Leave,Mandatory,Must Know,Medium,Week 1,POL-03,2.0,4.1,Knowledge Quiz,
ROLE-11,Cash Teller,POL-03-4.2,Policy Requirement,"During mandatory leave, the duties of the employee must be performed by another authorised staff member.",Mandatory Leave,Mandatory,Must Know,Medium,Week 1,POL-03,2.0,4.2,Knowledge Quiz,
ROLE-11,Cash Teller,POL-03-6.1,Policy Requirement,"Employees may refer to the HR and Leave FAQ (FAQ-01) for common questions; where the FAQ differs from this policy, this policy prevails.",Related Guidance,Optional,Optional,Low,Week 1,POL-03,2.0,6.1,None,
ROLE-11,Cash Teller,POL-04-2.1,Policy Requirement,All employees must complete the Information Security Basics module within the first week of joining.,Security Awareness,Mandatory,Must Complete,High,Week 1,POL-04,2.0,2.1,Knowledge Quiz,
ROLE-11,Cash Teller,POL-04-2.2,Policy Requirement,All employees must sign the Acceptable Use acknowledgement on Day 1.,Security Awareness,Mandatory,Must Acknowledge,High,Day 1,POL-04,2.0,2.2,Signed Acknowledgement,
ROLE-11,Cash Teller,POL-04-2.3,Policy Requirement,Employees must report any suspected security incident to the IT Service Desk within 1 hour of noticing it.,Security Awareness,Mandatory,Must Know,High,Week 1,POL-04,2.0,2.3,Knowledge Quiz,
ROLE-11,Cash Teller,POL-04-3.1,Policy Requirement,"Passwords must be at least 12 characters long and include upper-case letters, numbers and symbols.",Passwords and Access,Mandatory,Must Know,High,Week 1,POL-04,2.0,3.1,Knowledge Quiz,
ROLE-11,Cash Teller,POL-04-3.2,Policy Requirement,Employees must change their passwords every 60 days.,Passwords and Access,Mandatory,Must Know,High,Week 1,POL-04,2.0,3.2,Knowledge Quiz,
ROLE-11,Cash Teller,POL-04-3.3,Policy Requirement,"Employees must not share their passwords or access cards with anyone, including colleagues and managers.",Passwords and Access,Mandatory,Must Know,High,Week 1,POL-04,2.0,3.3,Knowledge Quiz,
ROLE-11,Cash Teller,POL-04-3.4,Policy Requirement,Employees must enable multi-factor authentication on their email account within the first week of joining.,Passwords and Access,Mandatory,Must Complete,High,Week 1,POL-04,2.0,3.4,Knowledge Quiz,
ROLE-11,Cash Teller,POL-04-4.1,Policy Requirement,Personal USB drives and external storage devices must not be connected to bank computers.,Devices and Removable Media,Mandatory,Must Know,High,Week 1,POL-04,2.0,4.1,Knowledge Quiz,
ROLE-11,Cash Teller,POL-04-4.2,Policy Requirement,Employees must lock their screen whenever they leave their desk.,Devices and Removable Media,Mandatory,Must Know,High,Week 1,POL-04,2.0,4.2,Knowledge Quiz,
ROLE-11,Cash Teller,POL-04-4.3,Policy Requirement,Employees should store work files only on the approved network drive.,Devices and Removable Media,Recommended,Recommended,Low,Week 1,POL-04,2.0,4.3,None,
ROLE-11,Cash Teller,POL-04-5.1,Policy Requirement,Employees must report suspicious emails using the Report Phishing button in Outlook.,Email and Phishing,Mandatory,Must Know,High,Week 1,POL-04,2.0,5.1,Knowledge Quiz,
ROLE-11,Cash Teller,POL-04-5.2,Policy Requirement,Employees must not open attachments from unknown senders.,Email and Phishing,Mandatory,Must Know,High,Week 1,POL-04,2.0,5.2,Knowledge Quiz,
ROLE-11,Cash Teller,POL-05-2.1,Policy Requirement,Employees must treat customers and colleagues with respect and courtesy.,Professional Behaviour,Mandatory,Must Know,Medium,Week 1,POL-05,1.0,2.1,Knowledge Quiz,
ROLE-11,Cash Teller,POL-05-2.2,Policy Requirement,"Employees must not accept gifts worth more than PKR 5,000 from customers or vendors.",Professional Behaviour,Mandatory,Must Know,Medium,Week 1,POL-05,1.0,2.2,Knowledge Quiz,
ROLE-11,Cash Teller,POL-05-2.3,Policy Requirement,Employees must declare every gift received in the Gift Register within 3 working days.,Professional Behaviour,Mandatory,Must Acknowledge,Medium,Week 1,POL-05,1.0,2.3,Signed Acknowledgement,
ROLE-11,Cash Teller,POL-05-2.4,Policy Requirement,Employees must acknowledge the Code of Conduct on Day 1.,Professional Behaviour,Mandatory,Must Acknowledge,High,Day 1,POL-05,1.0,2.4,Signed Acknowledgement,
ROLE-11,Cash Teller,POL-05-3.1,Policy Requirement,Employees must not engage in any form of harassment or discrimination.,Harassment and Discrimination,Mandatory,Must Know,Medium,Week 1,POL-05,1.0,3.1,Knowledge Quiz,
ROLE-11,Cash Teller,POL-05-3.2,Policy Requirement,Employees should report harassment to HR or through the confidential helpline.,Harassment and Discrimination,Recommended,Recommended,Low,Week 1,POL-05,1.0,3.2,None,
ROLE-11,Cash Teller,POL-05-3.3,Policy Requirement,All employees must complete the Anti-Harassment Awareness module within 30 days of joining.,Harassment and Discrimination,Mandatory,Must Complete,Medium,First 30 Days,POL-05,1.0,3.3,Knowledge Quiz,
ROLE-11,Cash Teller,POL-05-4.1,Policy Requirement,Employees must declare any conflict of interest to HR within the first week of joining.,Conflict of Interest,Mandatory,Must Acknowledge,Medium,Week 1,POL-05,1.0,4.1,Signed Acknowledgement,
ROLE-11,Cash Teller,POL-05-4.2,Policy Requirement,Employees may undertake outside part-time work only with written approval from HR.,Conflict of Interest,Optional,Optional,Low,Week 1,POL-05,1.0,4.2,None,
ROLE-11,Cash Teller,POL-05-5.1,Policy Requirement,Employees must not post confidential bank information on social media.,Social Media,Mandatory,Must Know,Medium,Week 1,POL-05,1.0,5.1,Knowledge Quiz,
ROLE-11,Cash Teller,POL-06-2.1,Policy Requirement,Employees must access customer personal data only when it is required for their assigned duties.,Personal Data Handling,Mandatory,Must Know,High,Week 1,POL-06,2.0,2.1,Knowledge Quiz,
ROLE-11,Cash Teller,POL-06-2.2,Policy Requirement,Employees must complete the Data Privacy Essentials module within 14 days of joining.,Personal Data Handling,Mandatory,Must Complete,High,Week 2,POL-06,2.0,2.2,Knowledge Quiz,POL-04-2.1
ROLE-11,Cash Teller,POL-06-2.3,Policy Requirement,Customer data must not be sent to personal email addresses or messaging apps.,Personal Data Handling,Mandatory,Must Know,High,Week 1,POL-06,2.0,2.3,Knowledge Quiz,
ROLE-11,Cash Teller,POL-06-3.1,Policy Requirement,Customer-facing staff must verify the identity of the customer using at least two identifiers before sharing account information.,Customer-Facing Staff,Mandatory,Must Know,High,Week 1,POL-06,2.0,3.1,Knowledge Quiz,
ROLE-11,Cash Teller,POL-06-3.2,Policy Requirement,Customer-facing staff must not write customer account numbers on paper notes.,Customer-Facing Staff,Mandatory,Must Know,High,Week 1,POL-06,2.0,3.2,Knowledge Quiz,
ROLE-11,Cash Teller,POL-06-3.3,Policy Requirement,Customer-facing staff should use the screen privacy filter provided at the counter.,Customer-Facing Staff,Recommended,Recommended,Low,Week 1,POL-06,2.0,3.3,None,
ROLE-11,Cash Teller,POL-06-5.1,Policy Requirement,Any suspected data breach must be reported to the Compliance Officer within 2 hours.,Data Breach,Mandatory,Must Know,High,Week 1,POL-06,2.0,5.1,Knowledge Quiz,
ROLE-11,Cash Teller,POL-07-2.1,Policy Requirement,Staff in scope must complete the AML and KYC Fundamentals module within 14 days of joining.,AML Training,Mandatory,Must Complete,High,Week 2,POL-07,2.0,2.1,Knowledge Quiz,
ROLE-11,Cash Teller,POL-07-2.2,Policy Requirement,Staff in scope must pass the AML assessment with a minimum score of 80%.,AML Training,Mandatory,Must Complete,High,Week 1,POL-07,2.0,2.2,Knowledge Quiz,
ROLE-11,Cash Teller,POL-07-3.1,Policy Requirement,Staff must verify the CNIC of the customer through the NADRA verification system before opening any account.,Customer Due Diligence,Mandatory,Must Know,High,Week 1,POL-07,2.0,3.1,Knowledge Quiz,
ROLE-11,Cash Teller,POL-07-3.2,Policy Requirement,"Staff must obtain source-of-income documents for accounts expected to receive more than PKR 1,000,000 per month.",Customer Due Diligence,Mandatory,Must Know,High,Week 1,POL-07,2.0,3.2,Knowledge Quiz,
ROLE-11,Cash Teller,POL-07-3.3,Policy Requirement,Enhanced due diligence must be applied to politically exposed persons (PEPs).,Customer Due Diligence,Mandatory,Must Know,High,Week 1,POL-07,2.0,3.3,Knowledge Quiz,
ROLE-11,Cash Teller,POL-07-4.1,Policy Requirement,Staff must report any suspicious transaction to the Compliance Officer on the same working day.,Suspicious Activity,Mandatory,Must Know,High,Week 1,POL-07,2.0,4.1,Knowledge Quiz,
ROLE-11,Cash Teller,POL-07-4.2,Policy Requirement,Staff must not inform the customer that a suspicious activity report has been filed.,Suspicious Activity,Mandatory,Must Know,High,Week 1,POL-07,2.0,4.2,Knowledge Quiz,
ROLE-11,Cash Teller,POL-07-5.1,Policy Requirement,"If a single cash deposit exceeds PKR 2,000,000, the Cash Teller must obtain Branch Manager approval before processing it.",Cash Thresholds,Mandatory,Must Know,High,Week 1,POL-07,2.0,5.1,Knowledge Quiz,
ROLE-11,Cash Teller,POL-07-5.2,Policy Requirement,Branch Managers must review the daily large-cash transaction report before close of business.,Cash Thresholds,Mandatory,Must Know,High,Week 1,POL-07,2.0,5.2,Knowledge Quiz,
ROLE-11,Cash Teller,POL-08-2.1,Policy Requirement,All employees must complete the Fraud Awareness module within 30 days of joining.,Fraud Awareness,Mandatory,Must Complete,High,First 30 Days,POL-08,1.0,2.1,Knowledge Quiz,
ROLE-11,Cash Teller,POL-08-2.2,Policy Requirement,Employees must report suspected fraud through the whistleblowing channel or to the Compliance Officer.,Fraud Awareness,Mandatory,Must Know,High,Week 1,POL-08,1.0,2.2,Knowledge Quiz,
ROLE-11,Cash Teller,POL-08-3.1,Policy Requirement,Employees may report concerns anonymously through the confidential hotline.,Whistleblowing,Optional,Optional,Low,Week 1,POL-08,1.0,3.1,None,
ROLE-11,Cash Teller,POL-08-3.2,Policy Requirement,Employees must not attempt to investigate suspected fraud on their own.,Whistleblowing,Mandatory,Must Know,High,Week 1,POL-08,1.0,3.2,Knowledge Quiz,
ROLE-11,Cash Teller,POL-08-4.1,Policy Requirement,The same employee must not both initiate and approve a payment.,Segregation of Duties,Mandatory,Must Know,High,Week 1,POL-08,1.0,4.1,Knowledge Quiz,
ROLE-11,Cash Teller,POL-08-4.2,Policy Requirement,Staff must use the maker-checker process for all payments and cash adjustments.,Segregation of Duties,Mandatory,Must Know,High,Week 1,POL-08,1.0,4.2,Knowledge Quiz,
ROLE-11,Cash Teller,PRC-01-2.1,Process Requirement,New joiners must report to the HR desk at 9:00 AM on Day 1.,Day 1,Mandatory,Must Know,High,Day 1,PRC-01,1.0,2.1,Knowledge Quiz,
ROLE-11,Cash Teller,PRC-01-2.3,Process Requirement,New joiners must attend the welcome orientation session on Day 1.,Day 1,Mandatory,Must Complete,High,Day 1,PRC-01,1.0,2.3,Knowledge Quiz,
ROLE-11,Cash Teller,PRC-01-3.1,Process Requirement,New joiners must complete the mandatory security and conduct modules within the first week of joining.,Week 1,Mandatory,Must Complete,Medium,Week 1,PRC-01,1.0,3.1,Knowledge Quiz,
ROLE-11,Cash Teller,PRC-01-3.2,Process Requirement,New joiners should meet at least three colleagues from other departments within the first week of joining.,Week 1,Recommended,Recommended,Low,Week 1,PRC-01,1.0,3.2,None,
ROLE-11,Cash Teller,PRC-01-4.1,Process Requirement,New joiners must complete their role-specific learning plan milestones within 30 days of joining.,First 30 Days,Mandatory,Must Complete,Medium,First 30 Days,PRC-01,1.0,4.1,Knowledge Quiz,
ROLE-11,Cash Teller,PRC-01-4.2,Process Requirement,New joiners must attend a check-in meeting with their reporting manager within 30 days of joining.,First 30 Days,Mandatory,Must Complete,Medium,First 30 Days,PRC-01,1.0,4.2,Knowledge Quiz,
ROLE-11,Cash Teller,PRC-01-5.1,Process Requirement,New joiners must complete all practical assessments within 60 days of joining.,First 60 and 90 Days,Mandatory,Must Complete,Medium,First 60 Days,PRC-01,1.0,5.1,Knowledge Quiz,
ROLE-11,Cash Teller,PRC-01-5.2,Process Requirement,New joiners must complete the final onboarding assessment within 90 days of joining.,First 60 and 90 Days,Mandatory,Must Complete,Medium,First 90 Days,PRC-01,1.0,5.2,Knowledge Quiz,
ROLE-11,Cash Teller,PRC-01-5.3,Process Requirement,New joiners may request a mentor from the HR team at any time during onboarding.,First 60 and 90 Days,Optional,Optional,Low,First 30 Days,PRC-01,1.0,5.3,None,
ROLE-11,Cash Teller,PRC-01-6.1,Process Requirement,Branch new joiners must complete a branch security walkthrough on Day 1.,Branch New Joiners,Mandatory,Must Complete,High,Day 1,PRC-01,1.0,6.1,Knowledge Quiz,
ROLE-11,Cash Teller,PRC-01-6.2,Process Requirement,Branch new joiners must not handle customer cash or customer data until AML and KYC Fundamentals is completed.,Branch New Joiners,Mandatory,Must Complete,Medium,First 30 Days,PRC-01,1.0,6.2,Knowledge Quiz,
ROLE-11,Cash Teller,RD-01-11.2,Process Requirement,The Cash Teller must process each customer cash transaction accurately within a service time of 5 minutes.,Cash Teller,Mandatory,Must Know,Medium,Week 2,RD-01,1.0,11.2,Knowledge Quiz,
ROLE-11,Cash Teller,RD-01-11.3,Process Requirement,The Cash Teller must complete a shadowing period with a senior Cash Teller within the first week of joining.,Cash Teller,Mandatory,Must Complete,Medium,Week 1,RD-01,1.0,11.3,Knowledge Quiz,
ROLE-11,Cash Teller,SOP-01-2.1,Process Requirement,Staff must log every customer complaint in the Complaint Management System (CMS) at the time it is received.,Receiving Complaints,Mandatory,Must Know,Medium,Week 2,SOP-01,1.0,2.1,Knowledge Quiz,
ROLE-11,Cash Teller,SOP-01-2.2,Process Requirement,Staff must give the customer a complaint reference number.,Receiving Complaints,Mandatory,Must Know,Medium,Week 2,SOP-01,1.0,2.2,Knowledge Quiz,
ROLE-11,Cash Teller,SOP-01-2.3,Process Requirement,Staff should apologise for the inconvenience without admitting liability.,Receiving Complaints,Recommended,Recommended,Low,Week 2,SOP-01,1.0,2.3,None,
ROLE-11,Cash Teller,SOP-04-2.1,Process Requirement,"Cash Tellers must not hold more than PKR 1,500,000 in their counter drawer at any time.",Teller Cash Limits,Mandatory,Must Know,Medium,Week 2,SOP-04,2.0,2.1,Knowledge Quiz,
ROLE-11,Cash Teller,SOP-04-2.2,Process Requirement,Excess cash must be transferred to the vault immediately using the vault transfer slip.,Teller Cash Limits,Mandatory,Must Know,Medium,Week 2,SOP-04,2.0,2.2,Knowledge Quiz,
ROLE-11,Cash Teller,SOP-04-2.3,Process Requirement,Cash Tellers must count cash in front of the customer and under CCTV coverage.,Teller Cash Limits,Mandatory,Must Know,Medium,Week 2,SOP-04,2.0,2.3,Knowledge Quiz,
ROLE-11,Cash Teller,SOP-04-2.4,Process Requirement,Cash Tellers must balance their cash drawer at the end of each working day.,Teller Cash Limits,Mandatory,Must Know,Medium,Week 2,SOP-04,2.0,2.4,Knowledge Quiz,
ROLE-11,Cash Teller,SOP-04-4.1,Process Requirement,"Any cash shortage or excess above PKR 1,000 must be reported to the Branch Manager immediately.",Shortages and Excesses,Mandatory,Must Know,Medium,Week 2,SOP-04,2.0,4.1,Knowledge Quiz,
ROLE-11,Cash Teller,SOP-04-4.2,Process Requirement,Branch Managers must record shortages in the incident register and inform Operations on the same day.,Shortages and Excesses,Mandatory,Must Know,Medium,Week 2,SOP-04,2.0,4.2,Knowledge Quiz,
ROLE-11,Cash Teller,SOP-04-5.1,Process Requirement,Cash Tellers must check every high-value note using the counterfeit detection machine.,Counterfeit Notes,Mandatory,Must Know,Medium,Week 2,SOP-04,2.0,5.1,Knowledge Quiz,
ROLE-11,Cash Teller,SOP-04-5.2,Process Requirement,Cash Tellers should retain suspected counterfeit notes and issue a receipt to the customer.,Counterfeit Notes,Recommended,Recommended,Low,Week 2,SOP-04,2.0,5.2,None,
ROLE-11,Cash Teller,SOP-04-6.1,Process Requirement,Staff in scope must demonstrate the cash drawer balancing procedure under supervision within the first week of joining.,Training,Mandatory,Must Demonstrate,Medium,Week 1,SOP-04,2.0,6.1,Practical Assessment,
ROLE-11,Cash Teller,SOP-05-2.1,Process Requirement,System access must be requested by the reporting manager through the IT Service Portal.,Access Requests,Mandatory,Must Know,Medium,Week 2,SOP-05,2.0,2.1,Knowledge Quiz,
ROLE-11,Cash Teller,SOP-05-2.3,Process Requirement,Employees must not use the account of another employee while waiting for their own access.,Access Requests,Mandatory,Must Know,Medium,Week 2,SOP-05,2.0,2.3,Knowledge Quiz,
ROLE-11,Cash Teller,SOP-05-3.1,Process Requirement,Employees must report IT incidents through the IT Service Portal or by calling extension 1100.,Incident Reporting,Mandatory,Must Know,Medium,Week 2,SOP-05,2.0,3.1,Knowledge Quiz,
ROLE-11,Cash Teller,SOP-05-3.2,Process Requirement,Employees should include screenshots of error messages when reporting an incident.,Incident Reporting,Recommended,Recommended,Low,Week 2,SOP-05,2.0,3.2,None,
ROLE-11,Cash Teller,SOP-06-2.1,Process Requirement,Employees must submit expense claims with original receipts within 30 days of incurring the expense.,Expense Claims,Mandatory,Must Complete,Medium,Week 2,SOP-06,1.0,2.1,Knowledge Quiz,
ROLE-12,Team Leader,CMP-01-2.1,Policy Requirement,All employees must complete Information Security Basics within the first week of joining.,Modules for All Employees,Mandatory,Must Complete,High,Week 1,CMP-01,2.0,2.1,Knowledge Quiz,
ROLE-12,Team Leader,CMP-01-2.2,Policy Requirement,All employees must complete Data Privacy Essentials within 14 days of joining.,Modules for All Employees,Mandatory,Must Complete,High,Week 2,CMP-01,2.0,2.2,Knowledge Quiz,CMP-01-2.1
ROLE-12,Team Leader,CMP-01-2.3,Policy Requirement,All employees must complete Fraud Awareness within 30 days of joining.,Modules for All Employees,Mandatory,Must Complete,High,First 30 Days,CMP-01,2.0,2.3,Knowledge Quiz,
ROLE-12,Team Leader,CMP-01-2.4,Policy Requirement,All employees must complete Anti-Harassment Awareness within 30 days of joining.,Modules for All Employees,Mandatory,Must Complete,High,First 30 Days,CMP-01,2.0,2.4,Knowledge Quiz,
ROLE-12,Team Leader,CMP-01-2.5,Policy Requirement,All employees must pass each mandatory module assessment with a minimum score of 70%.,Modules for All Employees,Mandatory,Must Complete,High,First 30 Days,CMP-01,2.0,2.5,Knowledge Quiz,
ROLE-12,Team Leader,CMP-01-4.1,Policy Requirement,Information Security Basics must be completed before Data Privacy Essentials.,Prerequisites,Mandatory,Must Complete,High,First 30 Days,CMP-01,2.0,4.1,Knowledge Quiz,
ROLE-12,Team Leader,CMP-01-4.2,Policy Requirement,Data Privacy Essentials must be completed before any customer-data access training.,Prerequisites,Mandatory,Must Complete,High,First 30 Days,CMP-01,2.0,4.2,Knowledge Quiz,
ROLE-12,Team Leader,CMP-01-4.3,Policy Requirement,AML and KYC Fundamentals must be completed before the Account Opening practical assessment.,Prerequisites,Mandatory,Must Complete,High,First 30 Days,CMP-01,2.0,4.3,Knowledge Quiz,
ROLE-12,Team Leader,CMP-01-4.4,Policy Requirement,The Complaint Handling module must be completed before the Escalation Procedure module.,Prerequisites,Mandatory,Must Complete,High,First 30 Days,CMP-01,2.0,4.4,Knowledge Quiz,
ROLE-12,Team Leader,CMP-01-5.1,Policy Requirement,Employees must complete refresher training for all mandatory modules every 12 months.,Refresher Training,Mandatory,Must Complete,High,First 30 Days,CMP-01,2.0,5.1,Knowledge Quiz,
ROLE-12,Team Leader,CMP-01-5.2,Policy Requirement,Employees who fail an assessment twice must be referred to their reporting manager for review.,Refresher Training,Mandatory,Must Know,High,First 30 Days,CMP-01,2.0,5.2,Knowledge Quiz,
ROLE-12,Team Leader,FAQ-01-4.2,Process Requirement,You must keep your bank account details updated on the HR portal.,How do I get my payslip?,Mandatory,Must Know,Medium,Week 2,FAQ-01,1.0,4.2,Knowledge Quiz,
ROLE-12,Team Leader,FAQ-01-6.1,Process Requirement,Work from home may be allowed for non-customer-facing roles with Department Head approval.,Can I work from home?,Optional,Optional,Low,Week 2,FAQ-01,1.0,6.1,None,
ROLE-12,Team Leader,FAQ-01-7.1,Process Requirement,A medical certificate is required for sick leave of more than 2 consecutive days.,Do I need a medical certificate for sick leave?,Mandatory,Must Know,Medium,Week 2,FAQ-01,1.0,7.1,Knowledge Quiz,
ROLE-12,Team Leader,FAQ-02-3.1,Process Requirement,You should reset it using the self-service portal or call extension 1100.,What if I forget my password?,Recommended,Recommended,Low,Week 2,FAQ-02,1.0,3.1,None,
ROLE-12,Team Leader,FAQ-02-4.1,Process Requirement,You must use the Report Phishing button in Outlook.,How do I report a phishing email?,Mandatory,Must Know,Medium,Week 2,FAQ-02,1.0,4.1,Knowledge Quiz,
ROLE-12,Team Leader,FAQ-02-6.1,Process Requirement,You must not install any software without IT approval.,Can I install software on my computer?,Mandatory,Must Know,Medium,Week 2,FAQ-02,1.0,6.1,Knowledge Quiz,
ROLE-12,Team Leader,POL-01-2.1,Policy Requirement,Every new employee must sign the Employee Handbook acknowledgement form on Day 1.,Joining Formalities,Mandatory,Must Acknowledge,High,Day 1,POL-01,1.0,2.1,Signed Acknowledgement,
ROLE-12,Team Leader,POL-01-2.2,Policy Requirement,New employees must submit copies of their educational certificates to HR within the first week of joining.,Joining Formalities,Mandatory,Must Complete,Medium,Week 1,POL-01,1.0,2.2,Knowledge Quiz,
ROLE-12,Team Leader,POL-01-2.3,Policy Requirement,New employees must collect their employee ID card from the HR desk on Day 1.,Joining Formalities,Mandatory,Must Complete,High,Day 1,POL-01,1.0,2.3,Knowledge Quiz,
ROLE-12,Team Leader,POL-01-2.4,Policy Requirement,New employees should meet their reporting manager within the first week of joining to agree on role expectations.,Joining Formalities,Recommended,Recommended,Low,Week 1,POL-01,1.0,2.4,None,
ROLE-12,Team Leader,POL-01-3.2,Policy Requirement,Employees must record attendance using the biometric system at the start and end of each working day.,Working Hours and Attendance,Mandatory,Must Know,Medium,Week 1,POL-01,1.0,3.2,Knowledge Quiz,
ROLE-12,Team Leader,POL-01-3.3,Policy Requirement,Employees may request flexible timing with written approval from their reporting manager.,Working Hours and Attendance,Optional,Optional,Low,Week 1,POL-01,1.0,3.3,None,
ROLE-12,Team Leader,POL-01-4.1,Policy Requirement,Employees must follow the business formal dress code on all customer-facing days.,Dress Code,Mandatory,Must Know,Medium,Week 1,POL-01,1.0,4.1,Knowledge Quiz,
ROLE-12,Team Leader,POL-01-4.2,Policy Requirement,Employees should refer to the Workplace Conduct Policy (POL-05) for detailed behavioural standards.,Dress Code,Recommended,Recommended,Low,Week 1,POL-01,1.0,4.2,None,
ROLE-12,Team Leader,POL-01-5.1,Policy Requirement,Employees must use bank equipment only for official purposes.,Use of Bank Resources,Mandatory,Must Know,Medium,Week 1,POL-01,1.0,5.1,Knowledge Quiz,
ROLE-12,Team Leader,POL-01-5.2,Policy Requirement,Employees may use the staff cafeteria and prayer rooms during scheduled breaks.,Use of Bank Resources,Optional,Optional,Low,Week 1,POL-01,1.0,5.2,None,
ROLE-12,Team Leader,POL-01-5.3,Policy Requirement,Employees must return all bank property on their last working day.,Use of Bank Resources,Mandatory,Must Know,Medium,Week 1,POL-01,1.0,5.3,Knowledge Quiz,
ROLE-12,Team Leader,POL-02-2.2,Policy Requirement,Employees must complete all mandatory onboarding modules before the end of probation.,Probation,Mandatory,Must Complete,Medium,First 90 Days,POL-02,2.0,2.2,Knowledge Quiz,
ROLE-12,Team Leader,POL-02-2.4,Policy Requirement,Employees must complete a probation review meeting with their reporting manager within 90 days of joining.,Probation,Mandatory,Must Complete,Medium,First 90 Days,POL-02,2.0,2.4,Knowledge Quiz,
ROLE-12,Team Leader,POL-02-3.2,Policy Requirement,Employees must obtain prior approval from their reporting manager for any overtime.,Working Hours,Mandatory,Must Know,Medium,Week 1,POL-02,2.0,3.2,Knowledge Quiz,
ROLE-12,Team Leader,POL-02-4.1,Policy Requirement,Employees must agree written performance objectives with their reporting manager within 30 days of joining.,Performance Management,Mandatory,Must Know,Medium,First 30 Days,POL-02,2.0,4.1,Knowledge Quiz,
ROLE-12,Team Leader,POL-02-4.2,Policy Requirement,Employees should request informal feedback from their reporting manager every month.,Performance Management,Recommended,Recommended,Low,Week 1,POL-02,2.0,4.2,None,
ROLE-12,Team Leader,POL-02-6.1,Policy Requirement,Supervisors must approve or reject leave requests within 2 working days.,Team Supervision,Mandatory,Must Know,Medium,Week 1,POL-02,2.0,6.1,Knowledge Quiz,
ROLE-12,Team Leader,POL-02-6.2,Policy Requirement,Supervisors must conduct a monthly one-to-one meeting with each team member.,Team Supervision,Mandatory,Must Know,Medium,Week 1,POL-02,2.0,6.2,Knowledge Quiz,
ROLE-12,Team Leader,POL-02-6.3,Policy Requirement,Supervisors must complete the People Management Essentials module within 30 days of joining.,Team Supervision,Mandatory,Must Complete,Medium,First 30 Days,POL-02,2.0,6.3,Knowledge Quiz,
ROLE-12,Team Leader,POL-03-2.2,Policy Requirement,Employees must apply for annual leave at least 14 days in advance through the HR portal.,Annual Leave,Mandatory,Must Know,Medium,Week 1,POL-03,2.0,2.2,Knowledge Quiz,
ROLE-12,Team Leader,POL-03-2.3,Policy Requirement,Employees must not take more than 10 consecutive working days of annual leave without Department Head approval.,Annual Leave,Mandatory,Must Know,Medium,Week 1,POL-03,2.0,2.3,Knowledge Quiz,
ROLE-12,Team Leader,POL-03-2.4,Policy Requirement,Unused annual leave may be carried forward up to a maximum of 10 days.,Annual Leave,Optional,Optional,Low,Week 1,POL-03,2.0,2.4,None,
ROLE-12,Team Leader,POL-03-3.1,Policy Requirement,Employees must inform their reporting manager before 10:00 AM on any day they cannot come to work due to sickness.,Sick Leave,Mandatory,Must Know,Medium,Week 1,POL-03,2.0,3.1,Knowledge Quiz,
ROLE-12,Team Leader,POL-03-3.2,Policy Requirement,Sick leave of more than 2 consecutive days must be supported by a medical certificate.,Sick Leave,Mandatory,Must Know,Medium,Week 1,POL-03,2.0,3.2,Knowledge Quiz,
ROLE-12,Team Leader,POL-03-5.1,Policy Requirement,Approvers must check team coverage before approving overlapping leave requests.,Leave Approval,Mandatory,Must Know,Medium,Week 1,POL-03,2.0,5.1,Knowledge Quiz,
ROLE-12,Team Leader,POL-03-5.2,Policy Requirement,Approvers should avoid approving leave for more than 30% of a team at the same time.,Leave Approval,Recommended,Recommended,Low,Week 1,POL-03,2.0,5.2,None,
ROLE-12,Team Leader,POL-03-6.1,Policy Requirement,"Employees may refer to the HR and Leave FAQ (FAQ-01) for common questions; where the FAQ differs from this policy, this policy prevails.",Related Guidance,Optional,Optional,Low,Week 1,POL-03,2.0,6.1,None,
ROLE-12,Team Leader,POL-04-2.1,Policy Requirement,All employees must complete the Information Security Basics module within the first week of joining.,Security Awareness,Mandatory,Must Complete,High,Week 1,POL-04,2.0,2.1,Knowledge Quiz,
ROLE-12,Team Leader,POL-04-2.2,Policy Requirement,All employees must sign the Acceptable Use acknowledgement on Day 1.,Security Awareness,Mandatory,Must Acknowledge,High,Day 1,POL-04,2.0,2.2,Signed Acknowledgement,
ROLE-12,Team Leader,POL-04-2.3,Policy Requirement,Employees must report any suspected security incident to the IT Service Desk within 1 hour of noticing it.,Security Awareness,Mandatory,Must Know,High,Week 1,POL-04,2.0,2.3,Knowledge Quiz,
ROLE-12,Team Leader,POL-04-3.1,Policy Requirement,"Passwords must be at least 12 characters long and include upper-case letters, numbers and symbols.",Passwords and Access,Mandatory,Must Know,High,Week 1,POL-04,2.0,3.1,Knowledge Quiz,
ROLE-12,Team Leader,POL-04-3.2,Policy Requirement,Employees must change their passwords every 60 days.,Passwords and Access,Mandatory,Must Know,High,Week 1,POL-04,2.0,3.2,Knowledge Quiz,
ROLE-12,Team Leader,POL-04-3.3,Policy Requirement,"Employees must not share their passwords or access cards with anyone, including colleagues and managers.",Passwords and Access,Mandatory,Must Know,High,Week 1,POL-04,2.0,3.3,Knowledge Quiz,
ROLE-12,Team Leader,POL-04-3.4,Policy Requirement,Employees must enable multi-factor authentication on their email account within the first week of joining.,Passwords and Access,Mandatory,Must Complete,High,Week 1,POL-04,2.0,3.4,Knowledge Quiz,
ROLE-12,Team Leader,POL-04-4.1,Policy Requirement,Personal USB drives and external storage devices must not be connected to bank computers.,Devices and Removable Media,Mandatory,Must Know,High,Week 1,POL-04,2.0,4.1,Knowledge Quiz,
ROLE-12,Team Leader,POL-04-4.2,Policy Requirement,Employees must lock their screen whenever they leave their desk.,Devices and Removable Media,Mandatory,Must Know,High,Week 1,POL-04,2.0,4.2,Knowledge Quiz,
ROLE-12,Team Leader,POL-04-4.3,Policy Requirement,Employees should store work files only on the approved network drive.,Devices and Removable Media,Recommended,Recommended,Low,Week 1,POL-04,2.0,4.3,None,
ROLE-12,Team Leader,POL-04-5.1,Policy Requirement,Employees must report suspicious emails using the Report Phishing button in Outlook.,Email and Phishing,Mandatory,Must Know,High,Week 1,POL-04,2.0,5.1,Knowledge Quiz,
ROLE-12,Team Leader,POL-04-5.2,Policy Requirement,Employees must not open attachments from unknown senders.,Email and Phishing,Mandatory,Must Know,High,Week 1,POL-04,2.0,5.2,Knowledge Quiz,
ROLE-12,Team Leader,POL-05-2.1,Policy Requirement,Employees must treat customers and colleagues with respect and courtesy.,Professional Behaviour,Mandatory,Must Know,Medium,Week 1,POL-05,1.0,2.1,Knowledge Quiz,
ROLE-12,Team Leader,POL-05-2.2,Policy Requirement,"Employees must not accept gifts worth more than PKR 5,000 from customers or vendors.",Professional Behaviour,Mandatory,Must Know,Medium,Week 1,POL-05,1.0,2.2,Knowledge Quiz,
ROLE-12,Team Leader,POL-05-2.3,Policy Requirement,Employees must declare every gift received in the Gift Register within 3 working days.,Professional Behaviour,Mandatory,Must Acknowledge,Medium,Week 1,POL-05,1.0,2.3,Signed Acknowledgement,
ROLE-12,Team Leader,POL-05-2.4,Policy Requirement,Employees must acknowledge the Code of Conduct on Day 1.,Professional Behaviour,Mandatory,Must Acknowledge,High,Day 1,POL-05,1.0,2.4,Signed Acknowledgement,
ROLE-12,Team Leader,POL-05-3.1,Policy Requirement,Employees must not engage in any form of harassment or discrimination.,Harassment and Discrimination,Mandatory,Must Know,Medium,Week 1,POL-05,1.0,3.1,Knowledge Quiz,
ROLE-12,Team Leader,POL-05-3.2,Policy Requirement,Employees should report harassment to HR or through the confidential helpline.,Harassment and Discrimination,Recommended,Recommended,Low,Week 1,POL-05,1.0,3.2,None,
ROLE-12,Team Leader,POL-05-3.3,Policy Requirement,All employees must complete the Anti-Harassment Awareness module within 30 days of joining.,Harassment and Discrimination,Mandatory,Must Complete,Medium,First 30 Days,POL-05,1.0,3.3,Knowledge Quiz,
ROLE-12,Team Leader,POL-05-4.1,Policy Requirement,Employees must declare any conflict of interest to HR within the first week of joining.,Conflict of Interest,Mandatory,Must Acknowledge,Medium,Week 1,POL-05,1.0,4.1,Signed Acknowledgement,
ROLE-12,Team Leader,POL-05-4.2,Policy Requirement,Employees may undertake outside part-time work only with written approval from HR.,Conflict of Interest,Optional,Optional,Low,Week 1,POL-05,1.0,4.2,None,
ROLE-12,Team Leader,POL-05-5.1,Policy Requirement,Employees must not post confidential bank information on social media.,Social Media,Mandatory,Must Know,Medium,Week 1,POL-05,1.0,5.1,Knowledge Quiz,
ROLE-12,Team Leader,POL-06-2.1,Policy Requirement,Employees must access customer personal data only when it is required for their assigned duties.,Personal Data Handling,Mandatory,Must Know,High,Week 1,POL-06,2.0,2.1,Knowledge Quiz,
ROLE-12,Team Leader,POL-06-2.2,Policy Requirement,Employees must complete the Data Privacy Essentials module within 14 days of joining.,Personal Data Handling,Mandatory,Must Complete,High,Week 2,POL-06,2.0,2.2,Knowledge Quiz,POL-04-2.1
ROLE-12,Team Leader,POL-06-2.3,Policy Requirement,Customer data must not be sent to personal email addresses or messaging apps.,Personal Data Handling,Mandatory,Must Know,High,Week 1,POL-06,2.0,2.3,Knowledge Quiz,
ROLE-12,Team Leader,POL-06-5.1,Policy Requirement,Any suspected data breach must be reported to the Compliance Officer within 2 hours.,Data Breach,Mandatory,Must Know,High,Week 1,POL-06,2.0,5.1,Knowledge Quiz,
ROLE-12,Team Leader,POL-08-2.1,Policy Requirement,All employees must complete the Fraud Awareness module within 30 days of joining.,Fraud Awareness,Mandatory,Must Complete,High,First 30 Days,POL-08,1.0,2.1,Knowledge Quiz,
ROLE-12,Team Leader,POL-08-2.2,Policy Requirement,Employees must report suspected fraud through the whistleblowing channel or to the Compliance Officer.,Fraud Awareness,Mandatory,Must Know,High,Week 1,POL-08,1.0,2.2,Knowledge Quiz,
ROLE-12,Team Leader,POL-08-3.1,Policy Requirement,Employees may report concerns anonymously through the confidential hotline.,Whistleblowing,Optional,Optional,Low,Week 1,POL-08,1.0,3.1,None,
ROLE-12,Team Leader,POL-08-3.2,Policy Requirement,Employees must not attempt to investigate suspected fraud on their own.,Whistleblowing,Mandatory,Must Know,High,Week 1,POL-08,1.0,3.2,Knowledge Quiz,
ROLE-12,Team Leader,PRC-01-2.1,Process Requirement,New joiners must report to the HR desk at 9:00 AM on Day 1.,Day 1,Mandatory,Must Know,High,Day 1,PRC-01,1.0,2.1,Knowledge Quiz,
ROLE-12,Team Leader,PRC-01-2.3,Process Requirement,New joiners must attend the welcome orientation session on Day 1.,Day 1,Mandatory,Must Complete,High,Day 1,PRC-01,1.0,2.3,Knowledge Quiz,
ROLE-12,Team Leader,PRC-01-3.1,Process Requirement,New joiners must complete the mandatory security and conduct modules within the first week of joining.,Week 1,Mandatory,Must Complete,Medium,Week 1,PRC-01,1.0,3.1,Knowledge Quiz,
ROLE-12,Team Leader,PRC-01-3.2,Process Requirement,New joiners should meet at least three colleagues from other departments within the first week of joining.,Week 1,Recommended,Recommended,Low,Week 1,PRC-01,1.0,3.2,None,
ROLE-12,Team Leader,PRC-01-4.1,Process Requirement,New joiners must complete their role-specific learning plan milestones within 30 days of joining.,First 30 Days,Mandatory,Must Complete,Medium,First 30 Days,PRC-01,1.0,4.1,Knowledge Quiz,
ROLE-12,Team Leader,PRC-01-4.2,Process Requirement,New joiners must attend a check-in meeting with their reporting manager within 30 days of joining.,First 30 Days,Mandatory,Must Complete,Medium,First 30 Days,PRC-01,1.0,4.2,Knowledge Quiz,
ROLE-12,Team Leader,PRC-01-5.1,Process Requirement,New joiners must complete all practical assessments within 60 days of joining.,First 60 and 90 Days,Mandatory,Must Complete,Medium,First 60 Days,PRC-01,1.0,5.1,Knowledge Quiz,
ROLE-12,Team Leader,PRC-01-5.2,Process Requirement,New joiners must complete the final onboarding assessment within 90 days of joining.,First 60 and 90 Days,Mandatory,Must Complete,Medium,First 90 Days,PRC-01,1.0,5.2,Knowledge Quiz,
ROLE-12,Team Leader,PRC-01-5.3,Process Requirement,New joiners may request a mentor from the HR team at any time during onboarding.,First 60 and 90 Days,Optional,Optional,Low,First 30 Days,PRC-01,1.0,5.3,None,
ROLE-12,Team Leader,RD-01-12.2,Process Requirement,The Team Leader must assign daily work to team members and monitor productivity.,Team Leader,Mandatory,Must Know,Medium,Week 2,RD-01,1.0,12.2,Knowledge Quiz,
ROLE-12,Team Leader,RD-01-12.3,Process Requirement,The Team Leader must complete the People Management Essentials module within 30 days of joining.,Team Leader,Mandatory,Must Complete,Medium,First 30 Days,RD-01,1.0,12.3,Knowledge Quiz,
ROLE-12,Team Leader,SOP-02-2.2,Process Requirement,Unresolved customer complaints must be escalated to the Branch Manager within 24 hours.,Escalation Levels,Mandatory,Must Know,Medium,Week 2,SOP-02,2.0,2.2,Knowledge Quiz,
ROLE-12,Team Leader,SOP-02-2.3,Process Requirement,Issues unresolved at branch level must be escalated to the Regional Office within 3 working days.,Escalation Levels,Mandatory,Must Know,Medium,Week 2,SOP-02,2.0,2.3,Knowledge Quiz,
ROLE-12,Team Leader,SOP-02-2.4,Process Requirement,Every escalation must be recorded in the CMS together with the reason for escalation.,Escalation Levels,Mandatory,Must Know,Medium,Week 2,SOP-02,2.0,2.4,Knowledge Quiz,
ROLE-12,Team Leader,SOP-02-3.1,Process Requirement,Operations Coordinators must escalate system outages affecting customers to IT Support within 15 minutes.,Operational Incidents,Mandatory,Must Know,Medium,Week 2,SOP-02,2.0,3.1,Knowledge Quiz,
ROLE-12,Team Leader,SOP-02-3.2,Process Requirement,Team Leaders must inform the Branch Manager of any incident affecting more than 10 customers.,Operational Incidents,Mandatory,Must Know,Medium,Week 2,SOP-02,2.0,3.2,Knowledge Quiz,
ROLE-12,Team Leader,SOP-02-3.3,Process Requirement,Team Leaders should hold a short debrief with the team after every major incident.,Operational Incidents,Recommended,Recommended,Low,Week 2,SOP-02,2.0,3.3,None,
ROLE-12,Team Leader,SOP-02-4.1,Process Requirement,Staff in scope must complete the Escalation Procedure module within 14 days of joining.,Training,Mandatory,Must Complete,Medium,Week 2,SOP-02,2.0,4.1,Knowledge Quiz,SOP-01-3.4
ROLE-12,Team Leader,SOP-02-4.2,Process Requirement,Staff in scope must demonstrate the escalation workflow in a role-play scenario within 30 days of joining.,Training,Mandatory,Must Demonstrate,Medium,First 30 Days,SOP-02,2.0,4.2,Practical Assessment,
ROLE-12,Team Leader,SOP-05-2.1,Process Requirement,System access must be requested by the reporting manager through the IT Service Portal.,Access Requests,Mandatory,Must Know,Medium,Week 2,SOP-05,2.0,2.1,Knowledge Quiz,
ROLE-12,Team Leader,SOP-05-2.3,Process Requirement,Employees must not use the account of another employee while waiting for their own access.,Access Requests,Mandatory,Must Know,Medium,Week 2,SOP-05,2.0,2.3,Knowledge Quiz,
ROLE-12,Team Leader,SOP-05-3.1,Process Requirement,Employees must report IT incidents through the IT Service Portal or by calling extension 1100.,Incident Reporting,Mandatory,Must Know,Medium,Week 2,SOP-05,2.0,3.1,Knowledge Quiz,
ROLE-12,Team Leader,SOP-05-3.2,Process Requirement,Employees should include screenshots of error messages when reporting an incident.,Incident Reporting,Recommended,Recommended,Low,Week 2,SOP-05,2.0,3.2,None,
ROLE-12,Team Leader,SOP-06-2.1,Process Requirement,Employees must submit expense claims with original receipts within 30 days of incurring the expense.,Expense Claims,Mandatory,Must Complete,Medium,Week 2,SOP-06,1.0,2.1,Knowledge Quiz,
